^2022^|^01^|^450491^|^089^|^01^|^WA^|^3676^|^EBA^|^01^|^55^|^1^|^994^|^001^|^1^|^1^|^Gaji dan Tunjangan^|^^|^0^|^0^|^0^|^0^|^2021^|^^|^0^|^00^|^1^|^1^|^1^|^1^|^1^|^0^|^0^|^0^|^0^|^^|^^|^^
^2022^|^01^|^450491^|^089^|^01^|^WA^|^3676^|^EBA^|^01^|^55^|^1^|^994^|^002^|^1^|^1^|^Operasional dan Pemeliharaan Kantor^|^^|^0^|^0^|^0^|^0^|^2021^|^^|^0^|^00^|^1^|^1^|^1^|^1^|^1^|^0^|^0^|^0^|^0^|^^|^^|^^
^2022^|^01^|^450491^|^089^|^01^|^CH^|^4210^|^UAG^|^01^|^55^|^1^|^U03^|^051^|^1^|^1^|^Perencanaan Pengawasan^|^^|^0^|^0^|^0^|^0^|^2021^|^^|^0^|^00^|^1^|^1^|^1^|^1^|^1^|^0^|^0^|^0^|^0^|^^|^^|^^
^2022^|^01^|^450491^|^089^|^01^|^CH^|^4210^|^UAG^|^01^|^55^|^1^|^U08^|^052^|^1^|^1^|^Pelaksanaan Pengawasan^|^^|^0^|^0^|^0^|^0^|^2021^|^^|^0^|^00^|^1^|^1^|^1^|^1^|^1^|^0^|^0^|^0^|^0^|^^|^^|^^
^2022^|^01^|^450491^|^089^|^01^|^WA^|^3669^|^EBA^|^01^|^55^|^1^|^956^|^531^|^1^|^1^|^Penyusunan dan Koordinasi Penyusunan Rentuh BMN^|^^|^0^|^0^|^0^|^0^|^2021^|^^|^0^|^00^|^1^|^1^|^1^|^1^|^1^|^0^|^0^|^0^|^0^|^^|^^|^^
^2022^|^01^|^450491^|^089^|^01^|^WA^|^3669^|^EBA^|^01^|^55^|^1^|^956^|^532^|^1^|^1^|^Pengadaan dan Penerimaan BMN, Barang Habis Pakai, dan Jasa^|^^|^0^|^0^|^0^|^0^|^2021^|^^|^0^|^00^|^1^|^1^|^1^|^1^|^1^|^0^|^0^|^0^|^0^|^^|^^|^^
^2022^|^01^|^450491^|^089^|^01^|^WA^|^3669^|^EBA^|^01^|^55^|^1^|^956^|^533^|^1^|^1^|^Pembinaan ULP^|^^|^0^|^0^|^0^|^0^|^2021^|^^|^0^|^00^|^1^|^1^|^1^|^1^|^1^|^0^|^0^|^0^|^0^|^^|^^|^^
^2022^|^01^|^450491^|^089^|^01^|^WA^|^3669^|^EBA^|^01^|^55^|^1^|^956^|^534^|^1^|^1^|^Penyimpanan, Penyaluran, Inventarisasi, dan Penghapusan BMN^|^^|^0^|^0^|^0^|^0^|^2021^|^^|^0^|^00^|^1^|^1^|^1^|^1^|^1^|^0^|^0^|^0^|^0^|^^|^^|^^
^2022^|^01^|^450491^|^089^|^01^|^WA^|^3669^|^EBA^|^01^|^55^|^1^|^956^|^535^|^1^|^1^|^Pemantauan dan Evaluasi Pengelolaan BMN^|^^|^0^|^0^|^0^|^0^|^2021^|^^|^0^|^00^|^1^|^1^|^1^|^1^|^1^|^0^|^0^|^0^|^0^|^^|^^|^^
^2022^|^01^|^450491^|^089^|^01^|^WA^|^3669^|^EBA^|^01^|^55^|^1^|^956^|^536^|^1^|^1^|^Pembinaan Pengelolaan BMN^|^^|^0^|^0^|^0^|^0^|^2021^|^^|^0^|^00^|^1^|^1^|^1^|^1^|^1^|^0^|^0^|^0^|^0^|^^|^^|^^
^2022^|^01^|^450491^|^089^|^01^|^WA^|^3669^|^EBA^|^01^|^55^|^1^|^962^|^511^|^1^|^1^|^Layanan Kesekretariatan dan Protokoler^|^^|^0^|^0^|^0^|^0^|^2021^|^^|^0^|^00^|^1^|^1^|^1^|^1^|^1^|^0^|^0^|^0^|^0^|^^|^^|^^
^2022^|^01^|^450491^|^089^|^01^|^WA^|^3669^|^EBA^|^01^|^55^|^1^|^962^|^521^|^1^|^1^|^Pemeliharaan BMN^|^^|^0^|^0^|^0^|^0^|^2021^|^^|^0^|^00^|^1^|^1^|^1^|^1^|^1^|^0^|^0^|^0^|^0^|^^|^^|^^
^2022^|^01^|^450491^|^089^|^01^|^WA^|^3669^|^EBA^|^01^|^55^|^1^|^962^|^522^|^1^|^1^|^Pelaksanaan Layanan Internal KP^|^^|^0^|^0^|^0^|^0^|^2021^|^^|^0^|^00^|^1^|^1^|^1^|^1^|^1^|^0^|^0^|^0^|^0^|^^|^^|^^
^2022^|^01^|^450491^|^089^|^01^|^WA^|^3669^|^EBA^|^01^|^55^|^1^|^962^|^523^|^1^|^1^|^Pengelolaan Persuratan^|^^|^0^|^0^|^0^|^0^|^2021^|^^|^0^|^00^|^1^|^1^|^1^|^1^|^1^|^0^|^0^|^0^|^0^|^^|^^|^^
^2022^|^01^|^450491^|^089^|^01^|^WA^|^3669^|^EBA^|^01^|^55^|^1^|^962^|^524^|^1^|^1^|^Pengelolaan Perpustakaan dan Poliklinik^|^^|^0^|^0^|^0^|^0^|^2021^|^^|^0^|^00^|^1^|^1^|^1^|^1^|^1^|^0^|^0^|^0^|^0^|^^|^^|^^
^2022^|^01^|^450491^|^089^|^01^|^WA^|^3669^|^EBA^|^01^|^55^|^1^|^962^|^525^|^1^|^1^|^Pengelolaan Kearsipan^|^^|^0^|^0^|^0^|^0^|^2021^|^^|^0^|^00^|^1^|^1^|^1^|^1^|^1^|^0^|^0^|^0^|^0^|^^|^^|^^
^2022^|^01^|^450491^|^089^|^01^|^WA^|^3669^|^EBA^|^01^|^55^|^1^|^962^|^526^|^1^|^1^|^Pengelolaan Persandian^|^^|^0^|^0^|^0^|^0^|^2021^|^^|^0^|^00^|^1^|^1^|^1^|^1^|^1^|^0^|^0^|^0^|^0^|^^|^^|^^
^2022^|^01^|^450491^|^089^|^01^|^WA^|^3669^|^EBA^|^01^|^55^|^1^|^962^|^527^|^1^|^1^|^Pembinaan Persandian dan Kearsipan^|^^|^0^|^0^|^0^|^0^|^2021^|^^|^0^|^00^|^1^|^1^|^1^|^1^|^1^|^0^|^0^|^0^|^0^|^^|^^|^^
^2022^|^01^|^450491^|^089^|^01^|^WA^|^3669^|^EBA^|^01^|^55^|^1^|^994^|^002^|^1^|^1^|^Operasional dan Pemeliharaan Kantor^|^^|^0^|^0^|^0^|^0^|^2021^|^^|^0^|^00^|^1^|^1^|^1^|^1^|^1^|^0^|^0^|^0^|^0^|^^|^^|^^
^2022^|^01^|^450491^|^089^|^01^|^CH^|^4225^|^UAG^|^01^|^55^|^1^|^U03^|^052^|^1^|^1^|^Pelaksanaan Pengawasan^|^^|^0^|^0^|^0^|^0^|^2021^|^^|^0^|^00^|^1^|^1^|^1^|^1^|^1^|^0^|^0^|^0^|^0^|^^|^^|^^
^2022^|^01^|^450491^|^089^|^01^|^CH^|^4225^|^UAG^|^01^|^55^|^1^|^U10^|^052^|^1^|^1^|^Pelaksanaan Pengawasan^|^^|^0^|^0^|^0^|^0^|^2021^|^^|^0^|^00^|^1^|^1^|^1^|^1^|^1^|^0^|^0^|^0^|^0^|^^|^^|^^
^2022^|^01^|^450491^|^089^|^01^|^CH^|^4219^|^UAG^|^01^|^55^|^1^|^U03^|^052^|^1^|^1^|^Pelaksanaan Pengawasan^|^^|^0^|^0^|^0^|^0^|^2021^|^^|^0^|^00^|^1^|^1^|^1^|^1^|^1^|^0^|^0^|^0^|^0^|^^|^^|^^
^2022^|^01^|^450491^|^089^|^01^|^WA^|^3665^|^EBA^|^01^|^55^|^1^|^957^|^411^|^1^|^1^|^Analisis, Perancangan, Penyusunan, Harmonisasi Peraturan Perundang-undangan Internal BPKP dan Perjanjian/Kontrak/Nota Kesepahaman^|^^|^0^|^0^|^0^|^0^|^2021^|^^|^0^|^00^|^1^|^1^|^1^|^1^|^1^|^0^|^0^|^0^|^0^|^^|^^|^^
^2022^|^01^|^450491^|^089^|^01^|^WA^|^3665^|^EBA^|^01^|^55^|^1^|^957^|^412^|^1^|^1^|^Dokumentasi, Pemberian Informasi, Sosialiasi, Publikasi, dan Evaluasi Peraturan Perundang-undangan^|^^|^0^|^0^|^0^|^0^|^2021^|^^|^0^|^00^|^1^|^1^|^1^|^1^|^1^|^0^|^0^|^0^|^0^|^^|^^|^^
^2022^|^01^|^450491^|^089^|^01^|^WA^|^3665^|^EBA^|^01^|^55^|^1^|^958^|^431^|^1^|^1^|^Pembinaan, Pelayanan, dan Pengkoordinasian, Serta Pengendalian Komunikasi Internal, Publik, dan Antarlembaga^|^^|^0^|^0^|^0^|^0^|^2021^|^^|^0^|^00^|^1^|^1^|^1^|^1^|^1^|^0^|^0^|^0^|^0^|^^|^^|^^
^2022^|^01^|^450491^|^089^|^01^|^WA^|^3665^|^EBA^|^01^|^55^|^1^|^958^|^432^|^1^|^1^|^Pembinaan, Pelayanan, dan Pengkoordinasian, Serta Pengendalian Informasi Publik Internal dan Eksternal^|^^|^0^|^0^|^0^|^0^|^2021^|^^|^0^|^00^|^1^|^1^|^1^|^1^|^1^|^0^|^0^|^0^|^0^|^^|^^|^^
^2022^|^01^|^450491^|^089^|^01^|^WA^|^3665^|^EBA^|^01^|^55^|^1^|^969^|^421^|^1^|^1^|^Penelaahan Hukum dan Pemberian Pendapat Hukum^|^^|^0^|^0^|^0^|^0^|^2021^|^^|^0^|^00^|^1^|^1^|^1^|^1^|^1^|^0^|^0^|^0^|^0^|^^|^^|^^
^2022^|^01^|^450491^|^089^|^01^|^WA^|^3665^|^EBA^|^01^|^55^|^1^|^969^|^422^|^1^|^1^|^Pemberian Konsultasi dan Bantuan Hukum, Serta Penyuluhan Hukum^|^^|^0^|^0^|^0^|^0^|^2021^|^^|^0^|^00^|^1^|^1^|^1^|^1^|^1^|^0^|^0^|^0^|^0^|^^|^^|^^
^2022^|^01^|^450491^|^089^|^01^|^WA^|^3665^|^EBA^|^01^|^55^|^1^|^994^|^002^|^1^|^1^|^Operasional dan Pemeliharaan Kantor^|^^|^0^|^0^|^0^|^0^|^2021^|^^|^0^|^00^|^1^|^1^|^1^|^1^|^1^|^0^|^0^|^0^|^0^|^^|^^|^^
^2022^|^01^|^450491^|^089^|^01^|^WA^|^3666^|^EBA^|^01^|^55^|^1^|^963^|^241^|^1^|^1^|^Pengelolaan Infrastruktur Data ASN^|^^|^0^|^0^|^0^|^0^|^2021^|^^|^0^|^00^|^1^|^1^|^1^|^1^|^1^|^0^|^0^|^0^|^0^|^^|^^|^^
^2022^|^01^|^450491^|^089^|^01^|^WA^|^3666^|^EBA^|^01^|^55^|^1^|^963^|^242^|^1^|^1^|^Pengelolaan Arsip, Data, dan Informasi ASN^|^^|^0^|^0^|^0^|^0^|^2021^|^^|^0^|^00^|^1^|^1^|^1^|^1^|^1^|^0^|^0^|^0^|^0^|^^|^^|^^
^2022^|^01^|^450491^|^089^|^01^|^WA^|^3666^|^EBA^|^01^|^55^|^1^|^963^|^243^|^1^|^1^|^Analisis dan Evaluasi Kinerja ASN^|^^|^0^|^0^|^0^|^0^|^2021^|^^|^0^|^00^|^1^|^1^|^1^|^1^|^1^|^0^|^0^|^0^|^0^|^^|^^|^^
^2022^|^01^|^450491^|^089^|^01^|^WA^|^3666^|^EBA^|^01^|^55^|^1^|^994^|^002^|^1^|^1^|^Operasional dan Pemeliharaan Kantor^|^^|^0^|^0^|^0^|^0^|^2021^|^^|^0^|^00^|^1^|^1^|^1^|^1^|^1^|^0^|^0^|^0^|^0^|^^|^^|^^
^2022^|^01^|^450491^|^089^|^01^|^WA^|^3667^|^EBA^|^01^|^55^|^1^|^994^|^001^|^1^|^1^|^Gaji dan Tunjangan^|^^|^0^|^0^|^0^|^0^|^2021^|^^|^0^|^00^|^1^|^1^|^1^|^1^|^1^|^0^|^0^|^0^|^0^|^^|^^|^^
^2022^|^01^|^450491^|^089^|^01^|^WA^|^3667^|^EBA^|^01^|^55^|^1^|^994^|^002^|^1^|^1^|^Operasional dan Pemeliharaan Kantor^|^^|^0^|^0^|^0^|^0^|^2021^|^^|^0^|^00^|^1^|^1^|^1^|^1^|^1^|^0^|^0^|^0^|^0^|^^|^^|^^
^2022^|^01^|^450491^|^089^|^01^|^CH^|^4207^|^UAG^|^01^|^55^|^1^|^U03^|^051^|^1^|^1^|^Perencanaan Pengawasan^|^^|^0^|^0^|^0^|^0^|^2021^|^^|^0^|^00^|^1^|^1^|^1^|^1^|^1^|^0^|^0^|^0^|^0^|^^|^^|^^
^2022^|^01^|^450491^|^089^|^01^|^CH^|^4207^|^UAG^|^01^|^55^|^1^|^U08^|^052^|^1^|^1^|^Pelaksanaan Pengawasan^|^^|^0^|^0^|^0^|^0^|^2021^|^^|^0^|^00^|^1^|^1^|^1^|^1^|^1^|^0^|^0^|^0^|^0^|^^|^^|^^
^2022^|^01^|^450491^|^089^|^01^|^CH^|^4227^|^FAG^|^01^|^55^|^1^|^U07^|^051^|^1^|^1^|^Perencanaan Pengawasan^|^^|^0^|^0^|^0^|^0^|^2021^|^^|^0^|^00^|^1^|^1^|^1^|^1^|^1^|^0^|^0^|^0^|^0^|^^|^^|^^
^2022^|^01^|^450491^|^089^|^01^|^CH^|^4227^|^FAG^|^01^|^55^|^1^|^U07^|^052^|^1^|^1^|^Pelaksanaan Pengawasan^|^^|^0^|^0^|^0^|^0^|^2021^|^^|^0^|^00^|^1^|^1^|^1^|^1^|^1^|^0^|^0^|^0^|^0^|^^|^^|^^
^2022^|^01^|^450491^|^089^|^01^|^CH^|^4227^|^FAG^|^01^|^55^|^1^|^U07^|^053^|^1^|^1^|^Pelaporan Pengawasan^|^^|^0^|^0^|^0^|^0^|^2021^|^^|^0^|^00^|^1^|^1^|^1^|^1^|^1^|^0^|^0^|^0^|^0^|^^|^^|^^
^2022^|^01^|^450491^|^089^|^01^|^WA^|^3668^|^EBD^|^01^|^55^|^1^|^952^|^111^|^1^|^1^|^Koordinasi dan Penyusunan Renstra dan Renja^|^^|^0^|^0^|^0^|^0^|^2021^|^^|^0^|^00^|^1^|^1^|^1^|^1^|^1^|^0^|^0^|^0^|^0^|^^|^^|^^
^2022^|^01^|^450491^|^089^|^01^|^WA^|^3668^|^EBD^|^01^|^55^|^1^|^952^|^112^|^1^|^1^|^Koordinasi Kebijakan Pengawasan^|^^|^0^|^0^|^0^|^0^|^2021^|^^|^0^|^00^|^1^|^1^|^1^|^1^|^1^|^0^|^0^|^0^|^0^|^^|^^|^^
^2022^|^01^|^450491^|^089^|^01^|^WA^|^3668^|^EBD^|^01^|^55^|^1^|^952^|^113^|^1^|^1^|^Sinkronisasi Kebijakan Teknis Pengawasan^|^^|^0^|^0^|^0^|^0^|^2021^|^^|^0^|^00^|^1^|^1^|^1^|^1^|^1^|^0^|^0^|^0^|^0^|^^|^^|^^
^2022^|^01^|^450491^|^089^|^01^|^WA^|^3668^|^EBD^|^01^|^55^|^1^|^952^|^114^|^1^|^1^|^Sinkronisasi Penyusunan Renja Tahunan^|^^|^0^|^0^|^0^|^0^|^2021^|^^|^0^|^00^|^1^|^1^|^1^|^1^|^1^|^0^|^0^|^0^|^0^|^^|^^|^^
^2022^|^01^|^450491^|^089^|^01^|^WA^|^3668^|^EBD^|^01^|^55^|^1^|^952^|^115^|^1^|^1^|^Penyusunan Perjanjian Kinerja^|^^|^0^|^0^|^0^|^0^|^2021^|^^|^0^|^00^|^1^|^1^|^1^|^1^|^1^|^0^|^0^|^0^|^0^|^^|^^|^^
^2022^|^01^|^450491^|^089^|^01^|^WA^|^3668^|^EBD^|^01^|^55^|^1^|^953^|^121^|^1^|^1^|^Pemantauan Pencapaian Kinerja Unit Organisasi^|^^|^0^|^0^|^0^|^0^|^2021^|^^|^0^|^00^|^1^|^1^|^1^|^1^|^1^|^0^|^0^|^0^|^0^|^^|^^|^^
^2022^|^01^|^450491^|^089^|^01^|^WA^|^3668^|^EBD^|^01^|^55^|^1^|^953^|^122^|^1^|^1^|^Sinkronisasi Penyusunan Laporan Kinerja Unit Organisasi^|^^|^0^|^0^|^0^|^0^|^2021^|^^|^0^|^00^|^1^|^1^|^1^|^1^|^1^|^0^|^0^|^0^|^0^|^^|^^|^^
^2022^|^01^|^450491^|^089^|^01^|^WA^|^3668^|^EBD^|^01^|^55^|^1^|^953^|^123^|^1^|^1^|^Pelaporan Berkala Kinerja Organisasi^|^^|^0^|^0^|^0^|^0^|^2021^|^^|^0^|^00^|^1^|^1^|^1^|^1^|^1^|^0^|^0^|^0^|^0^|^^|^^|^^
^2022^|^01^|^450491^|^089^|^01^|^WA^|^3668^|^EBD^|^01^|^55^|^1^|^961^|^141^|^1^|^1^|^Koordinasi dan Pemantauan Pelaksanaan SPIP^|^^|^0^|^0^|^0^|^0^|^2021^|^^|^0^|^00^|^1^|^1^|^1^|^1^|^1^|^0^|^0^|^0^|^0^|^^|^^|^^
^2022^|^01^|^450491^|^089^|^01^|^WA^|^3668^|^EBD^|^01^|^55^|^1^|^961^|^142^|^1^|^1^|^Manajemen Risiko^|^^|^0^|^0^|^0^|^0^|^2021^|^^|^0^|^00^|^1^|^1^|^1^|^1^|^1^|^0^|^0^|^0^|^0^|^^|^^|^^
^2022^|^01^|^450491^|^089^|^01^|^WA^|^3668^|^EBD^|^01^|^55^|^1^|^961^|^143^|^1^|^1^|^Koordinasi dan Pemantauan Pelaksanaan RB^|^^|^0^|^0^|^0^|^0^|^2021^|^^|^0^|^00^|^1^|^1^|^1^|^1^|^1^|^0^|^0^|^0^|^0^|^^|^^|^^
^2022^|^01^|^450491^|^089^|^01^|^WA^|^3668^|^EBD^|^01^|^55^|^1^|^961^|^144^|^1^|^1^|^Pembinaan APIP di Lingkungan BPKP^|^^|^0^|^0^|^0^|^0^|^2021^|^^|^0^|^00^|^1^|^1^|^1^|^1^|^1^|^0^|^0^|^0^|^0^|^^|^^|^^
^2022^|^01^|^450491^|^089^|^01^|^WA^|^3668^|^EBD^|^01^|^55^|^1^|^961^|^145^|^1^|^1^|^Pengembangan Budaya Organisasi^|^^|^0^|^0^|^0^|^0^|^2021^|^^|^0^|^00^|^1^|^1^|^1^|^1^|^1^|^0^|^0^|^0^|^0^|^^|^^|^^
^2022^|^01^|^450491^|^089^|^01^|^CH^|^4220^|^FAG^|^01^|^55^|^1^|^012^|^055^|^1^|^1^|^Koordinasi dan Perencanaan Pengawasan^|^^|^0^|^0^|^0^|^0^|^2021^|^^|^0^|^00^|^1^|^1^|^1^|^1^|^1^|^0^|^0^|^0^|^0^|^^|^^|^^
^2022^|^01^|^450491^|^089^|^01^|^CH^|^4213^|^FAG^|^01^|^55^|^1^|^U01^|^052^|^1^|^1^|^Pelaksanaan Pengawasan^|^^|^0^|^0^|^0^|^0^|^2021^|^^|^0^|^00^|^1^|^1^|^1^|^1^|^1^|^0^|^0^|^0^|^0^|^^|^^|^^
^2022^|^01^|^450491^|^089^|^01^|^CH^|^4220^|^UAG^|^01^|^55^|^1^|^U03^|^052^|^1^|^1^|^Pelaksanaan Pengawasan^|^^|^0^|^0^|^0^|^0^|^2021^|^^|^0^|^00^|^1^|^1^|^1^|^1^|^1^|^0^|^0^|^0^|^0^|^^|^^|^^
^2022^|^01^|^450491^|^089^|^01^|^CH^|^4220^|^UAG^|^01^|^55^|^1^|^U08^|^052^|^1^|^1^|^Pelaksanaan Pengawasan^|^^|^0^|^0^|^0^|^0^|^2021^|^^|^0^|^00^|^1^|^1^|^1^|^1^|^1^|^0^|^0^|^0^|^0^|^^|^^|^^
^2022^|^01^|^450491^|^089^|^01^|^CH^|^4220^|^UAG^|^01^|^55^|^1^|^U09^|^053^|^1^|^1^|^Pelaporan Pengawasan^|^^|^0^|^0^|^0^|^0^|^2021^|^^|^0^|^00^|^1^|^1^|^1^|^1^|^1^|^0^|^0^|^0^|^0^|^^|^^|^^
^2022^|^01^|^450491^|^089^|^01^|^CH^|^4209^|^UAG^|^01^|^55^|^1^|^U03^|^052^|^1^|^1^|^Pelaksanaan Pengawasan^|^^|^0^|^0^|^0^|^0^|^2021^|^^|^0^|^00^|^1^|^1^|^1^|^1^|^1^|^0^|^0^|^0^|^0^|^^|^^|^^
^2022^|^01^|^450491^|^089^|^01^|^CH^|^4209^|^UAG^|^01^|^55^|^1^|^U08^|^052^|^1^|^1^|^Pelaksanaan Pengawasan^|^^|^0^|^0^|^0^|^0^|^2021^|^^|^0^|^00^|^1^|^1^|^1^|^1^|^1^|^0^|^0^|^0^|^0^|^^|^^|^^
^2022^|^01^|^450491^|^089^|^01^|^CH^|^4216^|^UAG^|^01^|^55^|^1^|^U03^|^052^|^1^|^1^|^Pelaksanaan Pengawasan^|^^|^0^|^0^|^0^|^0^|^2021^|^^|^0^|^00^|^1^|^1^|^1^|^1^|^1^|^0^|^0^|^0^|^0^|^^|^^|^^
^2022^|^01^|^450491^|^089^|^01^|^CH^|^4216^|^UAG^|^01^|^55^|^1^|^U08^|^052^|^1^|^1^|^Pelaksanaan Pengawasan^|^^|^0^|^0^|^0^|^0^|^2021^|^^|^0^|^00^|^1^|^1^|^1^|^1^|^1^|^0^|^0^|^0^|^0^|^^|^^|^^
^2022^|^01^|^450491^|^089^|^01^|^CH^|^4228^|^UAG^|^01^|^55^|^1^|^U04^|^051^|^1^|^1^|^Perencanaan Pengawasan^|^^|^0^|^0^|^0^|^0^|^2021^|^^|^0^|^00^|^1^|^1^|^1^|^1^|^1^|^0^|^0^|^0^|^0^|^^|^^|^^
^2022^|^01^|^450491^|^089^|^01^|^CH^|^4228^|^UAG^|^01^|^55^|^1^|^U04^|^052^|^1^|^1^|^Pelaksanaan Pengawasan^|^^|^0^|^0^|^0^|^0^|^2021^|^^|^0^|^00^|^1^|^1^|^1^|^1^|^1^|^0^|^0^|^0^|^0^|^^|^^|^^
^2022^|^01^|^450491^|^089^|^01^|^CH^|^4228^|^UAG^|^01^|^55^|^1^|^U04^|^053^|^1^|^1^|^Pelaporan Pengawasan^|^^|^0^|^0^|^0^|^0^|^2021^|^^|^0^|^00^|^1^|^1^|^1^|^1^|^1^|^0^|^0^|^0^|^0^|^^|^^|^^
^2022^|^01^|^450491^|^089^|^01^|^CH^|^4227^|^UAG^|^01^|^55^|^1^|^U04^|^051^|^1^|^1^|^Perencanaan Pengawasan^|^^|^0^|^0^|^0^|^0^|^2021^|^^|^0^|^00^|^1^|^1^|^1^|^1^|^1^|^0^|^0^|^0^|^0^|^^|^^|^^
^2022^|^01^|^450491^|^089^|^01^|^CH^|^4227^|^UAG^|^01^|^55^|^1^|^U04^|^052^|^1^|^1^|^Pelaksanaan Pengawasan^|^^|^0^|^0^|^0^|^0^|^2021^|^^|^0^|^00^|^1^|^1^|^1^|^1^|^1^|^0^|^0^|^0^|^0^|^^|^^|^^
^2022^|^01^|^450491^|^089^|^01^|^CH^|^4227^|^UAG^|^01^|^55^|^1^|^U04^|^053^|^1^|^1^|^Pelaporan Pengawasan^|^^|^0^|^0^|^0^|^0^|^2021^|^^|^0^|^00^|^1^|^1^|^1^|^1^|^1^|^0^|^0^|^0^|^0^|^^|^^|^^
^2022^|^01^|^450491^|^089^|^01^|^CH^|^4208^|^UAG^|^01^|^55^|^1^|^U03^|^052^|^1^|^1^|^Pelaksanaan Pengawasan^|^^|^0^|^0^|^0^|^0^|^2021^|^^|^0^|^00^|^1^|^1^|^1^|^1^|^1^|^0^|^0^|^0^|^0^|^^|^^|^^
^2022^|^01^|^450491^|^089^|^01^|^CH^|^4208^|^UAG^|^01^|^55^|^1^|^U08^|^052^|^1^|^1^|^Pelaksanaan Pengawasan^|^^|^0^|^0^|^0^|^0^|^2021^|^^|^0^|^00^|^1^|^1^|^1^|^1^|^1^|^0^|^0^|^0^|^0^|^^|^^|^^
^2022^|^01^|^450491^|^089^|^01^|^WA^|^3667^|^EBD^|^01^|^55^|^1^|^952^|^311^|^1^|^1^|^Perumusan Kebijakan Penganggaran^|^^|^0^|^0^|^0^|^0^|^2021^|^^|^0^|^00^|^1^|^1^|^1^|^1^|^1^|^0^|^0^|^0^|^0^|^^|^^|^^
^2022^|^01^|^450491^|^089^|^01^|^WA^|^3667^|^EBD^|^01^|^55^|^1^|^952^|^312^|^1^|^1^|^Penyusunan Anggaran^|^^|^0^|^0^|^0^|^0^|^2021^|^^|^0^|^00^|^1^|^1^|^1^|^1^|^1^|^0^|^0^|^0^|^0^|^^|^^|^^
^2022^|^01^|^450491^|^089^|^01^|^WA^|^3667^|^EBD^|^01^|^55^|^1^|^952^|^313^|^1^|^1^|^Pemantauan, Evaluasi, dan Pembinaan Penganggaran^|^^|^0^|^0^|^0^|^0^|^2021^|^^|^0^|^00^|^1^|^1^|^1^|^1^|^1^|^0^|^0^|^0^|^0^|^^|^^|^^
^2022^|^01^|^450491^|^089^|^01^|^WA^|^3667^|^EBD^|^01^|^55^|^1^|^955^|^321^|^1^|^1^|^Perumusan Kebijakan Verifikasi, Perbendaharaan, dan Pengelolaan Belanja Pegawai^|^^|^0^|^0^|^0^|^0^|^2021^|^^|^0^|^00^|^1^|^1^|^1^|^1^|^1^|^0^|^0^|^0^|^0^|^^|^^|^^
^2022^|^01^|^450491^|^089^|^01^|^WA^|^3667^|^EBD^|^01^|^55^|^1^|^955^|^322^|^1^|^1^|^Pelaksanaan Verifikasi, Perbendaharaan, dan Pengelolaan Belanja Pegawai^|^^|^0^|^0^|^0^|^0^|^2021^|^^|^0^|^00^|^1^|^1^|^1^|^1^|^1^|^0^|^0^|^0^|^0^|^^|^^|^^
^2022^|^01^|^450491^|^089^|^01^|^WA^|^3667^|^EBD^|^01^|^55^|^1^|^955^|^323^|^1^|^1^|^Pemantauan, Evaluasi, dan Pembinaan Verifikasi, Perbendaharaan, serta Pengelolaan Belanja Pegawai^|^^|^0^|^0^|^0^|^0^|^2021^|^^|^0^|^00^|^1^|^1^|^1^|^1^|^1^|^0^|^0^|^0^|^0^|^^|^^|^^
^2022^|^01^|^450491^|^089^|^01^|^WA^|^3667^|^EBD^|^01^|^55^|^1^|^955^|^331^|^1^|^1^|^Perumusan Kebijakan Akuntansi dan Pelaporan Keuangan^|^^|^0^|^0^|^0^|^0^|^2021^|^^|^0^|^00^|^1^|^1^|^1^|^1^|^1^|^0^|^0^|^0^|^0^|^^|^^|^^
^2022^|^01^|^450491^|^089^|^01^|^WA^|^3667^|^EBD^|^01^|^55^|^1^|^955^|^332^|^1^|^1^|^Evaluasi Kinerja Pelaksanaan Anggaran^|^^|^0^|^0^|^0^|^0^|^2021^|^^|^0^|^00^|^1^|^1^|^1^|^1^|^1^|^0^|^0^|^0^|^0^|^^|^^|^^
^2022^|^01^|^450491^|^089^|^01^|^WA^|^3667^|^EBD^|^01^|^55^|^1^|^955^|^333^|^1^|^1^|^Proses Akuntansi dan Penyusunan LK^|^^|^0^|^0^|^0^|^0^|^2021^|^^|^0^|^00^|^1^|^1^|^1^|^1^|^1^|^0^|^0^|^0^|^0^|^^|^^|^^
^2022^|^01^|^450491^|^089^|^01^|^WA^|^3667^|^EBD^|^01^|^55^|^1^|^955^|^334^|^1^|^1^|^Analisis dan Evaluasi LK^|^^|^0^|^0^|^0^|^0^|^2021^|^^|^0^|^00^|^1^|^1^|^1^|^1^|^1^|^0^|^0^|^0^|^0^|^^|^^|^^
^2022^|^01^|^450491^|^089^|^01^|^WA^|^3667^|^EBD^|^01^|^55^|^1^|^955^|^335^|^1^|^1^|^Pemantauan, Evaluasi, dan Pembinaan Akuntansi serta LK^|^^|^0^|^0^|^0^|^0^|^2021^|^^|^0^|^00^|^1^|^1^|^1^|^1^|^1^|^0^|^0^|^0^|^0^|^^|^^|^^
^2022^|^01^|^450491^|^089^|^01^|^WA^|^3667^|^EBD^|^01^|^55^|^1^|^955^|^341^|^1^|^1^|^Layanan dan Penyiapan Bahan Penganggaran dan Pelaksanaan Anggaran bagi Kepala dan Sestama BPKP^|^^|^0^|^0^|^0^|^0^|^2021^|^^|^0^|^00^|^1^|^1^|^1^|^1^|^1^|^0^|^0^|^0^|^0^|^^|^^|^^
^2022^|^01^|^450491^|^089^|^01^|^WA^|^3667^|^EBD^|^01^|^55^|^1^|^955^|^342^|^1^|^1^|^Layanan dan Penyiapan Bahan Penganggaran dan Pelaksanaan Anggaran bagi Deputi 1^|^^|^0^|^0^|^0^|^0^|^2021^|^^|^0^|^00^|^1^|^1^|^1^|^1^|^1^|^0^|^0^|^0^|^0^|^^|^^|^^
^2022^|^01^|^450491^|^089^|^01^|^WA^|^3667^|^EBD^|^01^|^55^|^1^|^955^|^343^|^1^|^1^|^Layanan dan Penyiapan Bahan Penganggaran dan Pelaksanaan Anggaran bagi Deputi 2^|^^|^0^|^0^|^0^|^0^|^2021^|^^|^0^|^00^|^1^|^1^|^1^|^1^|^1^|^0^|^0^|^0^|^0^|^^|^^|^^
^2022^|^01^|^450491^|^089^|^01^|^WA^|^3667^|^EBD^|^01^|^55^|^1^|^955^|^344^|^1^|^1^|^Layanan dan Penyiapan Bahan Penganggaran dan Pelaksanaan Anggaran bagi Deputi 3^|^^|^0^|^0^|^0^|^0^|^2021^|^^|^0^|^00^|^1^|^1^|^1^|^1^|^1^|^0^|^0^|^0^|^0^|^^|^^|^^
^2022^|^01^|^450491^|^089^|^01^|^WA^|^3667^|^EBD^|^01^|^55^|^1^|^955^|^345^|^1^|^1^|^Layanan dan Penyiapan Bahan Penganggaran dan Pelaksanaan Anggaran bagi Deputi 4^|^^|^0^|^0^|^0^|^0^|^2021^|^^|^0^|^00^|^1^|^1^|^1^|^1^|^1^|^0^|^0^|^0^|^0^|^^|^^|^^
^2022^|^01^|^450491^|^089^|^01^|^WA^|^3667^|^EBD^|^01^|^55^|^1^|^955^|^346^|^1^|^1^|^Layanan dan Penyiapan Bahan Penganggaran dan Pelaksanaan Anggaran bagi Deputi 5^|^^|^0^|^0^|^0^|^0^|^2021^|^^|^0^|^00^|^1^|^1^|^1^|^1^|^1^|^0^|^0^|^0^|^0^|^^|^^|^^
^2022^|^01^|^450491^|^089^|^01^|^CH^|^4207^|^FAG^|^01^|^55^|^1^|^U01^|^052^|^1^|^1^|^Pelaksanaan Pengawasan^|^^|^0^|^0^|^0^|^0^|^2021^|^^|^0^|^00^|^1^|^1^|^1^|^1^|^1^|^0^|^0^|^0^|^0^|^^|^^|^^
^2022^|^01^|^450491^|^089^|^01^|^CH^|^4224^|^UAG^|^01^|^55^|^1^|^U03^|^052^|^1^|^1^|^Pelaksanaan Pengawasan^|^^|^0^|^0^|^0^|^0^|^2021^|^^|^0^|^00^|^1^|^1^|^1^|^1^|^1^|^0^|^0^|^0^|^0^|^^|^^|^^
^2022^|^01^|^450491^|^089^|^01^|^CH^|^4224^|^UAG^|^01^|^55^|^1^|^U10^|^052^|^1^|^1^|^Pelaksanaan Pengawasan^|^^|^0^|^0^|^0^|^0^|^2021^|^^|^0^|^00^|^1^|^1^|^1^|^1^|^1^|^0^|^0^|^0^|^0^|^^|^^|^^
^2022^|^01^|^450491^|^089^|^01^|^CH^|^4216^|^FAG^|^01^|^55^|^1^|^U01^|^052^|^1^|^1^|^Pelaksanaan Pengawasan^|^^|^0^|^0^|^0^|^0^|^2021^|^^|^0^|^00^|^1^|^1^|^1^|^1^|^1^|^0^|^0^|^0^|^0^|^^|^^|^^
^2022^|^01^|^450491^|^089^|^01^|^CH^|^4215^|^UAG^|^01^|^55^|^1^|^U03^|^052^|^1^|^1^|^Pelaksanaan Pengawasan^|^^|^0^|^0^|^0^|^0^|^2021^|^^|^0^|^00^|^1^|^1^|^1^|^1^|^1^|^0^|^0^|^0^|^0^|^^|^^|^^
^2022^|^01^|^450491^|^089^|^01^|^CH^|^4215^|^UAG^|^01^|^55^|^1^|^U08^|^052^|^1^|^1^|^Pelaksanaan Pengawasan^|^^|^0^|^0^|^0^|^0^|^2021^|^^|^0^|^00^|^1^|^1^|^1^|^1^|^1^|^0^|^0^|^0^|^0^|^^|^^|^^
^2022^|^01^|^450491^|^089^|^01^|^WA^|^3668^|^EBA^|^01^|^55^|^1^|^960^|^131^|^1^|^1^|^Penataan dan Evaluasi Organisasi, Analisis dan Evaluasi Jabatan, dan Analisis Beban Kerja^|^^|^0^|^0^|^0^|^0^|^2021^|^^|^0^|^00^|^1^|^1^|^1^|^1^|^1^|^0^|^0^|^0^|^0^|^^|^^|^^
^2022^|^01^|^450491^|^089^|^01^|^WA^|^3668^|^EBA^|^01^|^55^|^1^|^960^|^132^|^1^|^1^|^Penataan dan Evaluasi Proses Bisnis dan Prosedur Kerja^|^^|^0^|^0^|^0^|^0^|^2021^|^^|^0^|^00^|^1^|^1^|^1^|^1^|^1^|^0^|^0^|^0^|^0^|^^|^^|^^
^2022^|^01^|^450491^|^089^|^01^|^WA^|^3668^|^EBA^|^01^|^55^|^1^|^994^|^002^|^1^|^1^|^Operasional dan Pemeliharaan Kantor^|^^|^0^|^0^|^0^|^0^|^2021^|^^|^0^|^00^|^1^|^1^|^1^|^1^|^1^|^0^|^0^|^0^|^0^|^^|^^|^^
^2022^|^01^|^450491^|^089^|^01^|^CH^|^4217^|^UAG^|^01^|^55^|^1^|^U03^|^052^|^1^|^1^|^Pelaksanaan Pengawasan^|^^|^0^|^0^|^0^|^0^|^2021^|^^|^0^|^00^|^1^|^1^|^1^|^1^|^1^|^0^|^0^|^0^|^0^|^^|^^|^^
^2022^|^01^|^450491^|^089^|^01^|^CH^|^4217^|^UAG^|^01^|^55^|^1^|^U09^|^051^|^1^|^1^|^Perencanaan Pengawasan^|^^|^0^|^0^|^0^|^0^|^2021^|^^|^0^|^00^|^1^|^1^|^1^|^1^|^1^|^0^|^0^|^0^|^0^|^^|^^|^^
^2022^|^01^|^450491^|^089^|^01^|^CH^|^4217^|^UAG^|^01^|^55^|^1^|^U09^|^052^|^1^|^1^|^Pelaksanaan Pengawasan^|^^|^0^|^0^|^0^|^0^|^2021^|^^|^0^|^00^|^1^|^1^|^1^|^1^|^1^|^0^|^0^|^0^|^0^|^^|^^|^^
^2022^|^01^|^450491^|^089^|^01^|^CH^|^4217^|^UAG^|^01^|^55^|^1^|^U09^|^053^|^1^|^1^|^Pelaporan Pengawasan^|^^|^0^|^0^|^0^|^0^|^2021^|^^|^0^|^00^|^1^|^1^|^1^|^1^|^1^|^0^|^0^|^0^|^0^|^^|^^|^^
^2022^|^01^|^450491^|^089^|^01^|^CH^|^4214^|^FAG^|^01^|^55^|^1^|^U01^|^052^|^1^|^1^|^Pelaksanaan Pengawasan^|^^|^0^|^0^|^0^|^0^|^2021^|^^|^0^|^00^|^1^|^1^|^1^|^1^|^1^|^0^|^0^|^0^|^0^|^^|^^|^^
^2022^|^01^|^450491^|^089^|^01^|^CH^|^4208^|^FAG^|^01^|^55^|^1^|^U01^|^052^|^1^|^1^|^Pelaksanaan Pengawasan^|^^|^0^|^0^|^0^|^0^|^2021^|^^|^0^|^00^|^1^|^1^|^1^|^1^|^1^|^0^|^0^|^0^|^0^|^^|^^|^^
^2022^|^01^|^450491^|^089^|^01^|^CH^|^4226^|^FAG^|^01^|^55^|^1^|^U07^|^051^|^1^|^1^|^Perencanaan Pengawasan^|^^|^0^|^0^|^0^|^0^|^2021^|^^|^0^|^00^|^1^|^1^|^1^|^1^|^1^|^0^|^0^|^0^|^0^|^^|^^|^^
^2022^|^01^|^450491^|^089^|^01^|^CH^|^4226^|^FAG^|^01^|^55^|^1^|^U07^|^052^|^1^|^1^|^Pelaksanaan Pengawasan^|^^|^0^|^0^|^0^|^0^|^2021^|^^|^0^|^00^|^1^|^1^|^1^|^1^|^1^|^0^|^0^|^0^|^0^|^^|^^|^^
^2022^|^01^|^450491^|^089^|^01^|^CH^|^4226^|^FAG^|^01^|^55^|^1^|^U07^|^053^|^1^|^1^|^Pelaporan Pengawasan^|^^|^0^|^0^|^0^|^0^|^2021^|^^|^0^|^00^|^1^|^1^|^1^|^1^|^1^|^0^|^0^|^0^|^0^|^^|^^|^^
^2022^|^01^|^450491^|^089^|^01^|^CH^|^4226^|^UAG^|^01^|^55^|^1^|^U04^|^051^|^1^|^1^|^Perencanaan Pengawasan^|^^|^0^|^0^|^0^|^0^|^2021^|^^|^0^|^00^|^1^|^1^|^1^|^1^|^1^|^0^|^0^|^0^|^0^|^^|^^|^^
^2022^|^01^|^450491^|^089^|^01^|^CH^|^4226^|^UAG^|^01^|^55^|^1^|^U04^|^052^|^1^|^1^|^Pelaksanaan Pengawasan^|^^|^0^|^0^|^0^|^0^|^2021^|^^|^0^|^00^|^1^|^1^|^1^|^1^|^1^|^0^|^0^|^0^|^0^|^^|^^|^^
^2022^|^01^|^450491^|^089^|^01^|^CH^|^4226^|^UAG^|^01^|^55^|^1^|^U04^|^053^|^1^|^1^|^Pelaporan Pengawasan^|^^|^0^|^0^|^0^|^0^|^2021^|^^|^0^|^00^|^1^|^1^|^1^|^1^|^1^|^0^|^0^|^0^|^0^|^^|^^|^^
^2022^|^01^|^450491^|^089^|^01^|^CH^|^4225^|^FAG^|^01^|^55^|^1^|^U06^|^052^|^1^|^1^|^Pelaksanaan Pengawasan^|^^|^0^|^0^|^0^|^0^|^2021^|^^|^0^|^00^|^1^|^1^|^1^|^1^|^1^|^0^|^0^|^0^|^0^|^^|^^|^^
^2022^|^01^|^450491^|^089^|^01^|^CH^|^4212^|^UAG^|^01^|^55^|^1^|^U03^|^052^|^1^|^1^|^Pelaksanaan Pengawasan^|^^|^0^|^0^|^0^|^0^|^2021^|^^|^0^|^00^|^1^|^1^|^1^|^1^|^1^|^0^|^0^|^0^|^0^|^^|^^|^^
^2022^|^01^|^450491^|^089^|^01^|^CH^|^4212^|^UAG^|^01^|^55^|^1^|^U08^|^052^|^1^|^1^|^Pelaksanaan Pengawasan^|^^|^0^|^0^|^0^|^0^|^2021^|^^|^0^|^00^|^1^|^1^|^1^|^1^|^1^|^0^|^0^|^0^|^0^|^^|^^|^^
^2022^|^01^|^450491^|^089^|^01^|^CH^|^4211^|^FAG^|^01^|^55^|^1^|^012^|^056^|^1^|^1^|^Analisis, Evaluasi, dan Pelaporan Pengawasan^|^^|^0^|^0^|^0^|^0^|^2021^|^^|^0^|^00^|^1^|^1^|^1^|^1^|^1^|^0^|^0^|^0^|^0^|^^|^^|^^
^2022^|^01^|^450491^|^089^|^01^|^CH^|^4211^|^FAG^|^01^|^55^|^1^|^U01^|^052^|^1^|^1^|^Pelaksanaan Pengawasan^|^^|^0^|^0^|^0^|^0^|^2021^|^^|^0^|^00^|^1^|^1^|^1^|^1^|^1^|^0^|^0^|^0^|^0^|^^|^^|^^
^2022^|^01^|^450491^|^089^|^01^|^CH^|^4222^|^UAG^|^01^|^55^|^1^|^U03^|^052^|^1^|^1^|^Pelaksanaan Pengawasan^|^^|^0^|^0^|^0^|^0^|^2021^|^^|^0^|^00^|^1^|^1^|^1^|^1^|^1^|^0^|^0^|^0^|^0^|^^|^^|^^
^2022^|^01^|^450491^|^089^|^01^|^CH^|^4222^|^UAG^|^01^|^55^|^1^|^U08^|^052^|^1^|^1^|^Pelaksanaan Pengawasan^|^^|^0^|^0^|^0^|^0^|^2021^|^^|^0^|^00^|^1^|^1^|^1^|^1^|^1^|^0^|^0^|^0^|^0^|^^|^^|^^
^2022^|^01^|^450491^|^089^|^01^|^CH^|^4222^|^UAG^|^01^|^55^|^1^|^U10^|^052^|^1^|^1^|^Pelaksanaan Pengawasan^|^^|^0^|^0^|^0^|^0^|^2021^|^^|^0^|^00^|^1^|^1^|^1^|^1^|^1^|^0^|^0^|^0^|^0^|^^|^^|^^
^2022^|^01^|^450491^|^089^|^01^|^CH^|^4215^|^FAG^|^01^|^55^|^1^|^U01^|^052^|^1^|^1^|^Pelaksanaan Pengawasan^|^^|^0^|^0^|^0^|^0^|^2021^|^^|^0^|^00^|^1^|^1^|^1^|^1^|^1^|^0^|^0^|^0^|^0^|^^|^^|^^
^2022^|^01^|^450491^|^089^|^01^|^CH^|^4223^|^UAG^|^01^|^55^|^1^|^U03^|^052^|^1^|^1^|^Pelaksanaan Pengawasan^|^^|^0^|^0^|^0^|^0^|^2021^|^^|^0^|^00^|^1^|^1^|^1^|^1^|^1^|^0^|^0^|^0^|^0^|^^|^^|^^
^2022^|^01^|^450491^|^089^|^01^|^CH^|^4223^|^UAG^|^01^|^55^|^1^|^U10^|^052^|^1^|^1^|^Pelaksanaan Pengawasan^|^^|^0^|^0^|^0^|^0^|^2021^|^^|^0^|^00^|^1^|^1^|^1^|^1^|^1^|^0^|^0^|^0^|^0^|^^|^^|^^
^2022^|^01^|^450491^|^089^|^01^|^WA^|^3669^|^EBB^|^01^|^55^|^1^|^951^|^052^|^1^|^1^|^Pengadaan Perangkat Pengolah Data dan Komunikasi^|^^|^0^|^0^|^0^|^0^|^2021^|^^|^0^|^00^|^1^|^1^|^1^|^1^|^1^|^0^|^0^|^0^|^0^|^^|^^|^^
^2022^|^01^|^450491^|^089^|^01^|^WA^|^3669^|^EBB^|^01^|^55^|^1^|^951^|^053^|^1^|^1^|^Pengadaan Peralatan dan Fasilitas Perkantoran^|^^|^0^|^0^|^0^|^0^|^2021^|^^|^0^|^00^|^1^|^1^|^1^|^1^|^1^|^0^|^0^|^0^|^0^|^^|^^|^^
^2022^|^01^|^450491^|^089^|^01^|^WA^|^3669^|^EBB^|^01^|^55^|^1^|^971^|^054^|^1^|^1^|^Pembangunan Gedung Kantor dan/atau Rumah Negara^|^^|^0^|^0^|^0^|^0^|^2021^|^^|^0^|^00^|^1^|^1^|^1^|^1^|^1^|^0^|^0^|^0^|^0^|^^|^^|^^
^2022^|^01^|^450491^|^089^|^01^|^CH^|^4209^|^FAG^|^01^|^55^|^1^|^U01^|^052^|^1^|^1^|^Pelaksanaan Pengawasan^|^^|^0^|^0^|^0^|^0^|^2021^|^^|^0^|^00^|^1^|^1^|^1^|^1^|^1^|^0^|^0^|^0^|^0^|^^|^^|^^
^2022^|^01^|^450491^|^089^|^01^|^CH^|^4214^|^UAG^|^01^|^55^|^1^|^U03^|^051^|^1^|^1^|^Perencanaan Pengawasan^|^^|^0^|^0^|^0^|^0^|^2021^|^^|^0^|^00^|^1^|^1^|^1^|^1^|^1^|^0^|^0^|^0^|^0^|^^|^^|^^
^2022^|^01^|^450491^|^089^|^01^|^CH^|^4214^|^UAG^|^01^|^55^|^1^|^U03^|^052^|^1^|^1^|^Pelaksanaan Pengawasan^|^^|^0^|^0^|^0^|^0^|^2021^|^^|^0^|^00^|^1^|^1^|^1^|^1^|^1^|^0^|^0^|^0^|^0^|^^|^^|^^
^2022^|^01^|^450491^|^089^|^01^|^CH^|^4214^|^UAG^|^01^|^55^|^1^|^U08^|^052^|^1^|^1^|^Pelaksanaan Pengawasan^|^^|^0^|^0^|^0^|^0^|^2021^|^^|^0^|^00^|^1^|^1^|^1^|^1^|^1^|^0^|^0^|^0^|^0^|^^|^^|^^
^2022^|^01^|^450491^|^089^|^01^|^CH^|^5237^|^AEA^|^01^|^55^|^1^|^101^|^051^|^1^|^1^|^Pengawasan^|^^|^0^|^0^|^0^|^0^|^2021^|^^|^0^|^00^|^1^|^1^|^1^|^1^|^1^|^0^|^0^|^0^|^0^|^^|^^|^^
^2022^|^01^|^450491^|^089^|^01^|^CH^|^5237^|^AEA^|^01^|^55^|^1^|^102^|^051^|^1^|^1^|^Pengawasan^|^^|^0^|^0^|^0^|^0^|^2021^|^^|^0^|^00^|^1^|^1^|^1^|^1^|^1^|^0^|^0^|^0^|^0^|^^|^^|^^
^2022^|^01^|^450491^|^089^|^01^|^CH^|^4211^|^UAG^|^01^|^55^|^1^|^U03^|^052^|^1^|^1^|^Pelaksanaan Pengawasan^|^^|^0^|^0^|^0^|^0^|^2021^|^^|^0^|^00^|^1^|^1^|^1^|^1^|^1^|^0^|^0^|^0^|^0^|^^|^^|^^
^2022^|^01^|^450491^|^089^|^01^|^CH^|^4211^|^UAG^|^01^|^55^|^1^|^U08^|^052^|^1^|^1^|^Pelaksanaan Pengawasan^|^^|^0^|^0^|^0^|^0^|^2021^|^^|^0^|^00^|^1^|^1^|^1^|^1^|^1^|^0^|^0^|^0^|^0^|^^|^^|^^
^2022^|^01^|^450491^|^089^|^01^|^CH^|^4221^|^UAG^|^01^|^55^|^1^|^U03^|^052^|^1^|^1^|^Pelaksanaan Pengawasan^|^^|^0^|^0^|^0^|^0^|^2021^|^^|^0^|^00^|^1^|^1^|^1^|^1^|^1^|^0^|^0^|^0^|^0^|^^|^^|^^
^2022^|^01^|^450491^|^089^|^01^|^CH^|^4221^|^UAG^|^01^|^55^|^1^|^U10^|^052^|^1^|^1^|^Pelaksanaan Pengawasan^|^^|^0^|^0^|^0^|^0^|^2021^|^^|^0^|^00^|^1^|^1^|^1^|^1^|^1^|^0^|^0^|^0^|^0^|^^|^^|^^
^2022^|^01^|^450491^|^089^|^01^|^CH^|^4229^|^FAG^|^01^|^55^|^1^|^012^|^055^|^1^|^1^|^Koordinasi dan Perencanaan Pengawasan^|^^|^0^|^0^|^0^|^0^|^2021^|^^|^0^|^00^|^1^|^1^|^1^|^1^|^1^|^0^|^0^|^0^|^0^|^^|^^|^^
^2022^|^01^|^450491^|^089^|^01^|^CH^|^4229^|^FAG^|^01^|^55^|^1^|^012^|^056^|^1^|^1^|^Analisis, Evaluasi, dan Pelaporan Pengawasan^|^^|^0^|^0^|^0^|^0^|^2021^|^^|^0^|^00^|^1^|^1^|^1^|^1^|^1^|^0^|^0^|^0^|^0^|^^|^^|^^
^2022^|^01^|^450491^|^089^|^01^|^CH^|^4229^|^FAG^|^01^|^55^|^1^|^U07^|^051^|^1^|^1^|^Perencanaan Pengawasan^|^^|^0^|^0^|^0^|^0^|^2021^|^^|^0^|^00^|^1^|^1^|^1^|^1^|^1^|^0^|^0^|^0^|^0^|^^|^^|^^
^2022^|^01^|^450491^|^089^|^01^|^CH^|^4229^|^FAG^|^01^|^55^|^1^|^U07^|^052^|^1^|^1^|^Pelaksanaan Pengawasan^|^^|^0^|^0^|^0^|^0^|^2021^|^^|^0^|^00^|^1^|^1^|^1^|^1^|^1^|^0^|^0^|^0^|^0^|^^|^^|^^
^2022^|^01^|^450491^|^089^|^01^|^CH^|^4229^|^FAG^|^01^|^55^|^1^|^U07^|^053^|^1^|^1^|^Pelaporan Pengawasan^|^^|^0^|^0^|^0^|^0^|^2021^|^^|^0^|^00^|^1^|^1^|^1^|^1^|^1^|^0^|^0^|^0^|^0^|^^|^^|^^
^2022^|^01^|^450491^|^089^|^01^|^WA^|^3666^|^EBC^|^01^|^55^|^1^|^954^|^211^|^1^|^1^|^Perencanaan dan Rekrutmen ASN^|^^|^0^|^0^|^0^|^0^|^2021^|^^|^0^|^00^|^1^|^1^|^1^|^1^|^1^|^0^|^0^|^0^|^0^|^^|^^|^^
^2022^|^01^|^450491^|^089^|^01^|^WA^|^3666^|^EBC^|^01^|^55^|^1^|^954^|^212^|^1^|^1^|^Pengembangan ASN^|^^|^0^|^0^|^0^|^0^|^2021^|^^|^0^|^00^|^1^|^1^|^1^|^1^|^1^|^0^|^0^|^0^|^0^|^^|^^|^^
^2022^|^01^|^450491^|^089^|^01^|^WA^|^3666^|^EBC^|^01^|^55^|^1^|^954^|^213^|^1^|^1^|^Manajemen Talenta ASN^|^^|^0^|^0^|^0^|^0^|^2021^|^^|^0^|^00^|^1^|^1^|^1^|^1^|^1^|^0^|^0^|^0^|^0^|^^|^^|^^
^2022^|^01^|^450491^|^089^|^01^|^WA^|^3666^|^EBC^|^01^|^55^|^1^|^954^|^214^|^1^|^1^|^Penilaian Kompetensi ASN^|^^|^0^|^0^|^0^|^0^|^2021^|^^|^0^|^00^|^1^|^1^|^1^|^1^|^1^|^0^|^0^|^0^|^0^|^^|^^|^^
^2022^|^01^|^450491^|^089^|^01^|^WA^|^3666^|^EBC^|^01^|^55^|^1^|^954^|^221^|^1^|^1^|^Penyusunan Rencana Pengangkatan^|^^|^0^|^0^|^0^|^0^|^2021^|^^|^0^|^00^|^1^|^1^|^1^|^1^|^1^|^0^|^0^|^0^|^0^|^^|^^|^^
^2022^|^01^|^450491^|^089^|^01^|^WA^|^3666^|^EBC^|^01^|^55^|^1^|^954^|^222^|^1^|^1^|^Administrasi Pengangkatan dan Penggajian ASN^|^^|^0^|^0^|^0^|^0^|^2021^|^^|^0^|^00^|^1^|^1^|^1^|^1^|^1^|^0^|^0^|^0^|^0^|^^|^^|^^
^2022^|^01^|^450491^|^089^|^01^|^WA^|^3666^|^EBC^|^01^|^55^|^1^|^954^|^223^|^1^|^1^|^Pengelolaan Jabatan^|^^|^0^|^0^|^0^|^0^|^2021^|^^|^0^|^00^|^1^|^1^|^1^|^1^|^1^|^0^|^0^|^0^|^0^|^^|^^|^^
^2022^|^01^|^450491^|^089^|^01^|^WA^|^3666^|^EBC^|^01^|^55^|^1^|^954^|^231^|^1^|^1^|^Pengelolaan Mutasi ASN^|^^|^0^|^0^|^0^|^0^|^2021^|^^|^0^|^00^|^1^|^1^|^1^|^1^|^1^|^0^|^0^|^0^|^0^|^^|^^|^^
^2022^|^01^|^450491^|^089^|^01^|^WA^|^3666^|^EBC^|^01^|^55^|^1^|^954^|^232^|^1^|^1^|^Pengelolaan Pemberhentian ASN^|^^|^0^|^0^|^0^|^0^|^2021^|^^|^0^|^00^|^1^|^1^|^1^|^1^|^1^|^0^|^0^|^0^|^0^|^^|^^|^^
^2022^|^01^|^450491^|^089^|^01^|^WA^|^3666^|^EBC^|^01^|^55^|^1^|^954^|^233^|^1^|^1^|^Pengelolaan Disiplin ASN^|^^|^0^|^0^|^0^|^0^|^2021^|^^|^0^|^00^|^1^|^1^|^1^|^1^|^1^|^0^|^0^|^0^|^0^|^^|^^|^^
^2022^|^01^|^450491^|^089^|^01^|^WA^|^3666^|^EBC^|^01^|^55^|^1^|^954^|^234^|^1^|^1^|^Pelayanan Umum ASN^|^^|^0^|^0^|^0^|^0^|^2021^|^^|^0^|^00^|^1^|^1^|^1^|^1^|^1^|^0^|^0^|^0^|^0^|^^|^^|^^
^2022^|^01^|^450491^|^089^|^01^|^WA^|^3666^|^EBC^|^01^|^55^|^1^|^954^|^KP1^|^1^|^1^|^Peningkatan Kompetensi ASN^|^^|^0^|^0^|^0^|^0^|^2021^|^^|^0^|^00^|^1^|^1^|^1^|^1^|^1^|^0^|^0^|^0^|^0^|^^|^^|^^
^2022^|^01^|^450491^|^089^|^01^|^CH^|^4219^|^FAG^|^01^|^55^|^1^|^005^|^051^|^1^|^1^|^Pelaksanaan Pengawasan^|^^|^0^|^0^|^0^|^0^|^2021^|^^|^0^|^00^|^1^|^1^|^1^|^1^|^1^|^0^|^0^|^0^|^0^|^^|^^|^^
^2022^|^01^|^450491^|^089^|^01^|^CH^|^4223^|^FAG^|^01^|^55^|^1^|^012^|^056^|^1^|^1^|^Analisis, Evaluasi, dan Pelaporan Pengawasan^|^^|^0^|^0^|^0^|^0^|^2021^|^^|^0^|^00^|^1^|^1^|^1^|^1^|^1^|^0^|^0^|^0^|^0^|^^|^^|^^
^2022^|^01^|^450491^|^089^|^01^|^CH^|^4213^|^UAG^|^01^|^55^|^1^|^U03^|^052^|^1^|^1^|^Pelaksanaan Pengawasan^|^^|^0^|^0^|^0^|^0^|^2021^|^^|^0^|^00^|^1^|^1^|^1^|^1^|^1^|^0^|^0^|^0^|^0^|^^|^^|^^
^2022^|^01^|^450491^|^089^|^01^|^CH^|^4213^|^UAG^|^01^|^55^|^1^|^U08^|^052^|^1^|^1^|^Pelaksanaan Pengawasan^|^^|^0^|^0^|^0^|^0^|^2021^|^^|^0^|^00^|^1^|^1^|^1^|^1^|^1^|^0^|^0^|^0^|^0^|^^|^^|^^
^2022^|^01^|^450491^|^089^|^01^|^CH^|^4218^|^FAG^|^01^|^55^|^1^|^U02^|^051^|^1^|^1^|^Perencanaan Pengawasan^|^^|^0^|^0^|^0^|^0^|^2021^|^^|^0^|^00^|^1^|^1^|^1^|^1^|^1^|^0^|^0^|^0^|^0^|^^|^^|^^
^2022^|^01^|^450491^|^089^|^01^|^CH^|^4218^|^FAG^|^01^|^55^|^1^|^U02^|^052^|^1^|^1^|^Pelaksanaan Pengawasan^|^^|^0^|^0^|^0^|^0^|^2021^|^^|^0^|^00^|^1^|^1^|^1^|^1^|^1^|^0^|^0^|^0^|^0^|^^|^^|^^
^2022^|^01^|^450491^|^089^|^01^|^CH^|^4218^|^FAG^|^01^|^55^|^1^|^U02^|^053^|^1^|^1^|^Pelaporan Pengawasan^|^^|^0^|^0^|^0^|^0^|^2021^|^^|^0^|^00^|^1^|^1^|^1^|^1^|^1^|^0^|^0^|^0^|^0^|^^|^^|^^
^2022^|^01^|^450491^|^089^|^01^|^CH^|^4218^|^UAG^|^01^|^55^|^1^|^U03^|^052^|^1^|^1^|^Pelaksanaan Pengawasan^|^^|^0^|^0^|^0^|^0^|^2021^|^^|^0^|^00^|^1^|^1^|^1^|^1^|^1^|^0^|^0^|^0^|^0^|^^|^^|^^
^2022^|^01^|^450491^|^089^|^01^|^CH^|^4218^|^UAG^|^01^|^55^|^1^|^U09^|^051^|^1^|^1^|^Perencanaan Pengawasan^|^^|^0^|^0^|^0^|^0^|^2021^|^^|^0^|^00^|^1^|^1^|^1^|^1^|^1^|^0^|^0^|^0^|^0^|^^|^^|^^
^2022^|^01^|^450491^|^089^|^01^|^CH^|^4218^|^UAG^|^01^|^55^|^1^|^U09^|^053^|^1^|^1^|^Pelaporan Pengawasan^|^^|^0^|^0^|^0^|^0^|^2021^|^^|^0^|^00^|^1^|^1^|^1^|^1^|^1^|^0^|^0^|^0^|^0^|^^|^^|^^
^2022^|^01^|^450491^|^089^|^01^|^CH^|^4217^|^FAG^|^01^|^55^|^1^|^U01^|^051^|^1^|^1^|^Pelaksanaan Pengawasan^|^^|^0^|^0^|^0^|^0^|^2021^|^^|^0^|^00^|^1^|^1^|^1^|^1^|^1^|^0^|^0^|^0^|^0^|^^|^^|^^
^2022^|^01^|^450491^|^089^|^01^|^CH^|^4217^|^FAG^|^01^|^55^|^1^|^U02^|^051^|^1^|^1^|^Perencanaan Pengawasan^|^^|^0^|^0^|^0^|^0^|^2021^|^^|^0^|^00^|^1^|^1^|^1^|^1^|^1^|^0^|^0^|^0^|^0^|^^|^^|^^
^2022^|^01^|^450491^|^089^|^01^|^CH^|^4217^|^FAG^|^01^|^55^|^1^|^U02^|^052^|^1^|^1^|^Pelaksanaan Pengawasan^|^^|^0^|^0^|^0^|^0^|^2021^|^^|^0^|^00^|^1^|^1^|^1^|^1^|^1^|^0^|^0^|^0^|^0^|^^|^^|^^
^2022^|^01^|^450491^|^089^|^01^|^CH^|^4217^|^FAG^|^01^|^55^|^1^|^U02^|^053^|^1^|^1^|^Pelaporan Pengawasan^|^^|^0^|^0^|^0^|^0^|^2021^|^^|^0^|^00^|^1^|^1^|^1^|^1^|^1^|^0^|^0^|^0^|^0^|^^|^^|^^
^2022^|^01^|^450491^|^089^|^01^|^CH^|^5237^|^FAG^|^01^|^55^|^1^|^002^|^211^|^1^|^1^|^Pengembangan Sistem Pengelolaan Talenta Terintegrasi  dan Manajemen Pengetahuan^|^^|^0^|^0^|^0^|^0^|^2021^|^^|^0^|^00^|^1^|^1^|^1^|^1^|^1^|^0^|^0^|^0^|^0^|^^|^^|^^
^2022^|^01^|^450491^|^089^|^01^|^CH^|^5237^|^FAG^|^01^|^55^|^1^|^004^|^411^|^1^|^1^|^Konsultan Managemen Proyek^|^^|^0^|^0^|^0^|^0^|^2021^|^^|^0^|^00^|^1^|^1^|^1^|^1^|^1^|^0^|^0^|^0^|^0^|^^|^^|^^
^2022^|^01^|^450491^|^089^|^01^|^CH^|^5237^|^FAG^|^01^|^55^|^1^|^004^|^412^|^1^|^1^|^Seminar dan Pemantauan Periodik Proyek^|^^|^0^|^0^|^0^|^0^|^2021^|^^|^0^|^00^|^1^|^1^|^1^|^1^|^1^|^0^|^0^|^0^|^0^|^^|^^|^^
^2022^|^01^|^450491^|^089^|^01^|^CH^|^5237^|^FAG^|^01^|^55^|^1^|^004^|^413^|^1^|^1^|^Dukungan STAR (RM)^|^^|^0^|^0^|^0^|^0^|^2021^|^^|^0^|^00^|^1^|^1^|^1^|^1^|^1^|^0^|^0^|^0^|^0^|^^|^^|^^
^2022^|^01^|^450491^|^089^|^01^|^CH^|^4212^|^FAG^|^01^|^55^|^1^|^012^|^055^|^1^|^1^|^Koordinasi dan Perencanaan Pengawasan^|^^|^0^|^0^|^0^|^0^|^2021^|^^|^0^|^00^|^1^|^1^|^1^|^1^|^1^|^0^|^0^|^0^|^0^|^^|^^|^^
^2022^|^01^|^450491^|^089^|^01^|^CH^|^4212^|^FAG^|^01^|^55^|^1^|^012^|^056^|^1^|^1^|^Analisis, Evaluasi, dan Pelaporan Pengawasan^|^^|^0^|^0^|^0^|^0^|^2021^|^^|^0^|^00^|^1^|^1^|^1^|^1^|^1^|^0^|^0^|^0^|^0^|^^|^^|^^
^2022^|^01^|^450491^|^089^|^01^|^CH^|^4212^|^FAG^|^01^|^55^|^1^|^U01^|^052^|^1^|^1^|^Pelaksanaan Pengawasan^|^^|^0^|^0^|^0^|^0^|^2021^|^^|^0^|^00^|^1^|^1^|^1^|^1^|^1^|^0^|^0^|^0^|^0^|^^|^^|^^
^2022^|^01^|^450491^|^089^|^01^|^CH^|^4228^|^FAG^|^01^|^55^|^1^|^U07^|^051^|^1^|^1^|^Perencanaan Pengawasan^|^^|^0^|^0^|^0^|^0^|^2021^|^^|^0^|^00^|^1^|^1^|^1^|^1^|^1^|^0^|^0^|^0^|^0^|^^|^^|^^
^2022^|^01^|^450491^|^089^|^01^|^CH^|^4228^|^FAG^|^01^|^55^|^1^|^U07^|^052^|^1^|^1^|^Pelaksanaan Pengawasan^|^^|^0^|^0^|^0^|^0^|^2021^|^^|^0^|^00^|^1^|^1^|^1^|^1^|^1^|^0^|^0^|^0^|^0^|^^|^^|^^
^2022^|^01^|^450491^|^089^|^01^|^CH^|^4228^|^FAG^|^01^|^55^|^1^|^U07^|^053^|^1^|^1^|^Pelaporan Pengawasan^|^^|^0^|^0^|^0^|^0^|^2021^|^^|^0^|^00^|^1^|^1^|^1^|^1^|^1^|^0^|^0^|^0^|^0^|^^|^^|^^
^2022^|^01^|^450491^|^089^|^01^|^CH^|^4210^|^FAG^|^01^|^55^|^1^|^U01^|^052^|^1^|^1^|^Pelaksanaan Pengawasan^|^^|^0^|^0^|^0^|^0^|^2021^|^^|^0^|^00^|^1^|^1^|^1^|^1^|^1^|^0^|^0^|^0^|^0^|^^|^^|^^
^2022^|^01^|^450491^|^089^|^01^|^WA^|^3669^|^TBB^|^01^|^55^|^1^|^955^|^055^|^1^|^1^|^Rehabilitasi Gedung Kantor dan/atau Rumah Negara^|^^|^0^|^0^|^0^|^0^|^2021^|^^|^0^|^00^|^1^|^1^|^1^|^1^|^1^|^0^|^0^|^0^|^0^|^^|^^|^^
^2022^|^01^|^450491^|^089^|^01^|^CH^|^4229^|^UAG^|^01^|^55^|^1^|^U04^|^052^|^1^|^1^|^Pelaksanaan Pengawasan^|^^|^0^|^0^|^0^|^0^|^2021^|^^|^0^|^00^|^1^|^1^|^1^|^1^|^1^|^0^|^0^|^0^|^0^|^^|^^|^^
^2022^|^01^|^450491^|^089^|^01^|^CH^|^5237^|^CAN^|^01^|^55^|^1^|^331^|^005^|^1^|^1^|^Dukungan Penyelenggaraan Tugas dan Fungsi Unit^|^^|^0^|^0^|^0^|^0^|^2021^|^^|^0^|^00^|^1^|^1^|^1^|^1^|^1^|^0^|^0^|^0^|^0^|^^|^^|^^
