^2022^|^01^|^450491^|^089^|^01^|^WA^|^3676^|^EBA^|^01^|^55^|^1^|^994^|^001^|^BA^|^Lembur Protokoler dan Dukungan Kepala dan Sekretaris Utama^|^00^|^^|^^|^^
^2022^|^01^|^450491^|^089^|^01^|^WA^|^3676^|^EBA^|^01^|^55^|^1^|^994^|^002^|^BB^|^Layanan Protokoler dan Dukungan Kepala dan Sekretaris Utama^|^00^|^^|^^|^^
^2022^|^01^|^450491^|^089^|^01^|^WA^|^3676^|^EBA^|^01^|^55^|^1^|^994^|^002^|^CA^|^Layanan Perencanaan dan Evaluasi Deputi 1^|^00^|^^|^^|^^
^2022^|^01^|^450491^|^089^|^01^|^WA^|^3676^|^EBA^|^01^|^55^|^1^|^994^|^002^|^CB^|^Layanan Keuangan Deputi 1^|^00^|^^|^^|^^
^2022^|^01^|^450491^|^089^|^01^|^WA^|^3676^|^EBA^|^01^|^55^|^1^|^994^|^002^|^CC^|^Layanan SDM Deputi 1^|^00^|^^|^^|^^
^2022^|^01^|^450491^|^089^|^01^|^WA^|^3676^|^EBA^|^01^|^55^|^1^|^994^|^002^|^CD^|^Layanan Komunikasi dan Informasi Deputi 1^|^00^|^^|^^|^^
^2022^|^01^|^450491^|^089^|^01^|^WA^|^3676^|^EBA^|^01^|^55^|^1^|^994^|^002^|^CE^|^Layanan Umum Deputi 1^|^00^|^^|^^|^^
^2022^|^01^|^450491^|^089^|^01^|^WA^|^3676^|^EBA^|^01^|^55^|^1^|^994^|^002^|^CF^|^Pengembangan Kompetensi Deputi 1^|^00^|^^|^^|^^
^2022^|^01^|^450491^|^089^|^01^|^WA^|^3676^|^EBA^|^01^|^55^|^1^|^994^|^002^|^CG^|^Penyelenggaraan SPIP dan RB Deputi 1^|^00^|^^|^^|^^
^2022^|^01^|^450491^|^089^|^01^|^WA^|^3676^|^EBA^|^01^|^55^|^1^|^994^|^002^|^CH^|^Layanan Deputi 1^|^00^|^^|^^|^^
^2022^|^01^|^450491^|^089^|^01^|^WA^|^3676^|^EBA^|^01^|^55^|^1^|^994^|^002^|^CI^|^Layanan Direktorat 1.1^|^00^|^^|^^|^^
^2022^|^01^|^450491^|^089^|^01^|^WA^|^3676^|^EBA^|^01^|^55^|^1^|^994^|^002^|^CJ^|^Layanan Direktorat 1.2^|^00^|^^|^^|^^
^2022^|^01^|^450491^|^089^|^01^|^WA^|^3676^|^EBA^|^01^|^55^|^1^|^994^|^002^|^CK^|^Layanan Direktorat 1.3^|^00^|^^|^^|^^
^2022^|^01^|^450491^|^089^|^01^|^WA^|^3676^|^EBA^|^01^|^55^|^1^|^994^|^002^|^CL^|^Layanan Direktorat 1.4^|^00^|^^|^^|^^
^2022^|^01^|^450491^|^089^|^01^|^WA^|^3676^|^EBA^|^01^|^55^|^1^|^994^|^002^|^CM^|^Layanan Direktorat 1.5^|^00^|^^|^^|^^
^2022^|^01^|^450491^|^089^|^01^|^WA^|^3676^|^EBA^|^01^|^55^|^1^|^994^|^002^|^DA^|^Layanan Perencanaan  Evaluasi Deputi 2 ^|^00^|^^|^^|^^
^2022^|^01^|^450491^|^089^|^01^|^WA^|^3676^|^EBA^|^01^|^55^|^1^|^994^|^002^|^DB^|^Layanan Keuangan Deputi 2^|^00^|^^|^^|^^
^2022^|^01^|^450491^|^089^|^01^|^WA^|^3676^|^EBA^|^01^|^55^|^1^|^994^|^002^|^DC^|^Layanan SDM Deputi 2^|^00^|^^|^^|^^
^2022^|^01^|^450491^|^089^|^01^|^WA^|^3676^|^EBA^|^01^|^55^|^1^|^994^|^002^|^DD^|^Layanan Komunikasi  Informasi Deputi 2^|^00^|^^|^^|^^
^2022^|^01^|^450491^|^089^|^01^|^WA^|^3676^|^EBA^|^01^|^55^|^1^|^994^|^002^|^DE^|^Layanan Umum Deputi 2^|^00^|^^|^^|^^
^2022^|^01^|^450491^|^089^|^01^|^WA^|^3676^|^EBA^|^01^|^55^|^1^|^994^|^002^|^DF^|^Pengembangan Kompetensi Deputi 2^|^00^|^^|^^|^^
^2022^|^01^|^450491^|^089^|^01^|^WA^|^3676^|^EBA^|^01^|^55^|^1^|^994^|^002^|^DG^|^Penyelenggaraan SPIP dan RB Deputi 2^|^00^|^^|^^|^^
^2022^|^01^|^450491^|^089^|^01^|^WA^|^3676^|^EBA^|^01^|^55^|^1^|^994^|^002^|^DH^|^Layanan Deputi 2 ^|^00^|^^|^^|^^
^2022^|^01^|^450491^|^089^|^01^|^WA^|^3676^|^EBA^|^01^|^55^|^1^|^994^|^002^|^DI^|^Layanan Direktorat 2.1^|^00^|^^|^^|^^
^2022^|^01^|^450491^|^089^|^01^|^WA^|^3676^|^EBA^|^01^|^55^|^1^|^994^|^002^|^DJ^|^Layanan Direktorat 2.2^|^00^|^^|^^|^^
^2022^|^01^|^450491^|^089^|^01^|^WA^|^3676^|^EBA^|^01^|^55^|^1^|^994^|^002^|^DK^|^Layanan Direktorat 2.3^|^00^|^^|^^|^^
^2022^|^01^|^450491^|^089^|^01^|^WA^|^3676^|^EBA^|^01^|^55^|^1^|^994^|^002^|^DL^|^Layanan Direktorat 2.4^|^00^|^^|^^|^^
^2022^|^01^|^450491^|^089^|^01^|^WA^|^3676^|^EBA^|^01^|^55^|^1^|^994^|^002^|^DM^|^Layanan Direktorat 2.5^|^00^|^^|^^|^^
^2022^|^01^|^450491^|^089^|^01^|^WA^|^3676^|^EBA^|^01^|^55^|^1^|^994^|^002^|^EA^|^Layanan Perencanaan dan Evaluasi Deputi 3^|^00^|^^|^^|^^
^2022^|^01^|^450491^|^089^|^01^|^WA^|^3676^|^EBA^|^01^|^55^|^1^|^994^|^002^|^EB^|^Layanan Keuangan Deputi 3^|^00^|^^|^^|^^
^2022^|^01^|^450491^|^089^|^01^|^WA^|^3676^|^EBA^|^01^|^55^|^1^|^994^|^002^|^EC^|^Layanan SDM Deputi 3^|^00^|^^|^^|^^
^2022^|^01^|^450491^|^089^|^01^|^WA^|^3676^|^EBA^|^01^|^55^|^1^|^994^|^002^|^ED^|^Layanan Komunikasi dan Informasi Deputi 3^|^00^|^^|^^|^^
^2022^|^01^|^450491^|^089^|^01^|^WA^|^3676^|^EBA^|^01^|^55^|^1^|^994^|^002^|^EE^|^Layanan Umum Deputi 3^|^00^|^^|^^|^^
^2022^|^01^|^450491^|^089^|^01^|^WA^|^3676^|^EBA^|^01^|^55^|^1^|^994^|^002^|^EF^|^Pengembangan Kompetensi Deputi 3^|^00^|^^|^^|^^
^2022^|^01^|^450491^|^089^|^01^|^WA^|^3676^|^EBA^|^01^|^55^|^1^|^994^|^002^|^EG^|^Penyelenggaraan SPIP dan RB Deputi 3^|^00^|^^|^^|^^
^2022^|^01^|^450491^|^089^|^01^|^WA^|^3676^|^EBA^|^01^|^55^|^1^|^994^|^002^|^EH^|^Layanan Deputi 3^|^00^|^^|^^|^^
^2022^|^01^|^450491^|^089^|^01^|^WA^|^3676^|^EBA^|^01^|^55^|^1^|^994^|^002^|^EI^|^Layanan Direktorat 3.1^|^00^|^^|^^|^^
^2022^|^01^|^450491^|^089^|^01^|^WA^|^3676^|^EBA^|^01^|^55^|^1^|^994^|^002^|^EJ^|^Layanan Direktorat 3.2^|^00^|^^|^^|^^
^2022^|^01^|^450491^|^089^|^01^|^WA^|^3676^|^EBA^|^01^|^55^|^1^|^994^|^002^|^EK^|^Layanan Direktorat 3.3^|^00^|^^|^^|^^
^2022^|^01^|^450491^|^089^|^01^|^WA^|^3676^|^EBA^|^01^|^55^|^1^|^994^|^002^|^EL^|^Layanan Direktorat 3.4^|^00^|^^|^^|^^
^2022^|^01^|^450491^|^089^|^01^|^WA^|^3676^|^EBA^|^01^|^55^|^1^|^994^|^002^|^FA^|^Layanan Perencanaan dan Evaluasi Deputi 4^|^00^|^^|^^|^^
^2022^|^01^|^450491^|^089^|^01^|^WA^|^3676^|^EBA^|^01^|^55^|^1^|^994^|^002^|^FB^|^Layanan Keuangan Deputi 4^|^00^|^^|^^|^^
^2022^|^01^|^450491^|^089^|^01^|^WA^|^3676^|^EBA^|^01^|^55^|^1^|^994^|^002^|^FC^|^Layanan SDM Deputi 4^|^00^|^^|^^|^^
^2022^|^01^|^450491^|^089^|^01^|^WA^|^3676^|^EBA^|^01^|^55^|^1^|^994^|^002^|^FD^|^Layanan Komunikasi dan Informasi Deputi 4^|^00^|^^|^^|^^
^2022^|^01^|^450491^|^089^|^01^|^WA^|^3676^|^EBA^|^01^|^55^|^1^|^994^|^002^|^FE^|^Layanan Umum Deputi 4^|^00^|^^|^^|^^
^2022^|^01^|^450491^|^089^|^01^|^WA^|^3676^|^EBA^|^01^|^55^|^1^|^994^|^002^|^FF^|^Pengembangan Kompetensi Deputi 4^|^00^|^^|^^|^^
^2022^|^01^|^450491^|^089^|^01^|^WA^|^3676^|^EBA^|^01^|^55^|^1^|^994^|^002^|^FG^|^Penyelenggaraan SPIP dan RB Deputi 4^|^00^|^^|^^|^^
^2022^|^01^|^450491^|^089^|^01^|^WA^|^3676^|^EBA^|^01^|^55^|^1^|^994^|^002^|^FH^|^Layanan Deputi 4^|^00^|^^|^^|^^
^2022^|^01^|^450491^|^089^|^01^|^WA^|^3676^|^EBA^|^01^|^55^|^1^|^994^|^002^|^FI^|^Layanan Direktorat D4.1^|^00^|^^|^^|^^
^2022^|^01^|^450491^|^089^|^01^|^WA^|^3676^|^EBA^|^01^|^55^|^1^|^994^|^002^|^FJ^|^Layanan Direktorat D4.2^|^00^|^^|^^|^^
^2022^|^01^|^450491^|^089^|^01^|^WA^|^3676^|^EBA^|^01^|^55^|^1^|^994^|^002^|^FK^|^Layanan Direktorat D4.3^|^00^|^^|^^|^^
^2022^|^01^|^450491^|^089^|^01^|^WA^|^3676^|^EBA^|^01^|^55^|^1^|^994^|^002^|^FL^|^Layanan Direktorat D4.4^|^00^|^^|^^|^^
^2022^|^01^|^450491^|^089^|^01^|^WA^|^3676^|^EBA^|^01^|^55^|^1^|^994^|^002^|^FM^|^Layanan Direktorat D4.5^|^00^|^^|^^|^^
^2022^|^01^|^450491^|^089^|^01^|^WA^|^3676^|^EBA^|^01^|^55^|^1^|^994^|^002^|^GA^|^Layanan Perencanaan, Evaluasi dan Pelaporan Deputi 5^|^00^|^^|^^|^^
^2022^|^01^|^450491^|^089^|^01^|^WA^|^3676^|^EBA^|^01^|^55^|^1^|^994^|^002^|^GB^|^ Layanan Keuangan Deputi 5^|^00^|^^|^^|^^
^2022^|^01^|^450491^|^089^|^01^|^WA^|^3676^|^EBA^|^01^|^55^|^1^|^994^|^002^|^GC^|^Layanan SDM Deputi 5^|^00^|^^|^^|^^
^2022^|^01^|^450491^|^089^|^01^|^WA^|^3676^|^EBA^|^01^|^55^|^1^|^994^|^002^|^GD^|^Layanan Komunikasi dan Informasi Deputi 5^|^00^|^^|^^|^^
^2022^|^01^|^450491^|^089^|^01^|^WA^|^3676^|^EBA^|^01^|^55^|^1^|^994^|^002^|^GE^|^Layanan Umum Deputi 5^|^00^|^^|^^|^^
^2022^|^01^|^450491^|^089^|^01^|^WA^|^3676^|^EBA^|^01^|^55^|^1^|^994^|^002^|^GF^|^Layanan Pengembangan Kompetensi Deputi 5^|^00^|^^|^^|^^
^2022^|^01^|^450491^|^089^|^01^|^WA^|^3676^|^EBA^|^01^|^55^|^1^|^994^|^002^|^GG^|^Layanan Penyelenggaraan SPIP dan RB Deputi 5^|^00^|^^|^^|^^
^2022^|^01^|^450491^|^089^|^01^|^WA^|^3676^|^EBA^|^01^|^55^|^1^|^994^|^002^|^GH^|^Layanan Deputi 5^|^00^|^^|^^|^^
^2022^|^01^|^450491^|^089^|^01^|^WA^|^3676^|^EBA^|^01^|^55^|^1^|^994^|^002^|^GI^|^Layanan Direktorat Investigasi I^|^00^|^^|^^|^^
^2022^|^01^|^450491^|^089^|^01^|^WA^|^3676^|^EBA^|^01^|^55^|^1^|^994^|^002^|^GJ^|^Layanan Direktorat Investigasi II^|^00^|^^|^^|^^
^2022^|^01^|^450491^|^089^|^01^|^WA^|^3676^|^EBA^|^01^|^55^|^1^|^994^|^002^|^GK^|^Layanan Direktorat Investigasi III^|^00^|^^|^^|^^
^2022^|^01^|^450491^|^089^|^01^|^WA^|^3676^|^EBA^|^01^|^55^|^1^|^994^|^002^|^GL^|^Layanan Direktorat Investigasi IV^|^00^|^^|^^|^^
^2022^|^01^|^450491^|^089^|^01^|^CH^|^4210^|^UAG^|^01^|^55^|^1^|^U03^|^051^|^ A^|^Pelaksanaan Pengawasan^|^00^|^^|^^|^^
^2022^|^01^|^450491^|^089^|^01^|^CH^|^4210^|^UAG^|^01^|^55^|^1^|^U08^|^052^|^ A^|^Pelaksanaan Pengawasan^|^00^|^^|^^|^^
^2022^|^01^|^450491^|^089^|^01^|^WA^|^3669^|^EBA^|^01^|^55^|^1^|^956^|^531^|^ A^|^Perencanaan dan Pelaporan Kebutuhan BMN, Belanja Modal, RKA dan Kinerja^|^00^|^^|^^|^^
^2022^|^01^|^450491^|^089^|^01^|^WA^|^3669^|^EBA^|^01^|^55^|^1^|^956^|^532^|^ A^|^Pengelolaan Pengadaan^|^00^|^^|^^|^^
^2022^|^01^|^450491^|^089^|^01^|^WA^|^3669^|^EBA^|^01^|^55^|^1^|^956^|^533^|^ A^|^Pembinaan ULP^|^00^|^^|^^|^^
^2022^|^01^|^450491^|^089^|^01^|^WA^|^3669^|^EBA^|^01^|^55^|^1^|^956^|^534^|^ A^|^Penyimpanan, Penyaluran, Inventarisasi, dan Penghapusan BMN^|^00^|^^|^^|^^
^2022^|^01^|^450491^|^089^|^01^|^WA^|^3669^|^EBA^|^01^|^55^|^1^|^956^|^535^|^ A^|^Pemantauan dan Evaluasi Pengelolaan BMN^|^00^|^^|^^|^^
^2022^|^01^|^450491^|^089^|^01^|^WA^|^3669^|^EBA^|^01^|^55^|^1^|^956^|^536^|^ A^|^Pembinaan Pengelolaan BMN^|^00^|^^|^^|^^
^2022^|^01^|^450491^|^089^|^01^|^WA^|^3669^|^EBA^|^01^|^55^|^1^|^962^|^511^|^ A^|^Kegiatan Keprotokolan^|^00^|^^|^^|^^
^2022^|^01^|^450491^|^089^|^01^|^WA^|^3669^|^EBA^|^01^|^55^|^1^|^962^|^521^|^ A^|^Pengelolaan Kegiatan Pemeliharaan^|^00^|^^|^^|^^
^2022^|^01^|^450491^|^089^|^01^|^WA^|^3669^|^EBA^|^01^|^55^|^1^|^962^|^522^|^ A^|^Pengelolaan Layanan Internal KP^|^00^|^^|^^|^^
^2022^|^01^|^450491^|^089^|^01^|^WA^|^3669^|^EBA^|^01^|^55^|^1^|^962^|^523^|^ A^|^Pengelolaan Persuratan, Penggandaan dan Pengelolaan SDM Biro Umum^|^00^|^^|^^|^^
^2022^|^01^|^450491^|^089^|^01^|^WA^|^3669^|^EBA^|^01^|^55^|^1^|^962^|^524^|^ A^|^Pengelolaan Kegiatan Perpustakaan dan Poliklinik^|^00^|^^|^^|^^
^2022^|^01^|^450491^|^089^|^01^|^WA^|^3669^|^EBA^|^01^|^55^|^1^|^962^|^525^|^ A^|^Pengelolaan Kearsipan^|^00^|^^|^^|^^
^2022^|^01^|^450491^|^089^|^01^|^WA^|^3669^|^EBA^|^01^|^55^|^1^|^962^|^526^|^ A^|^Pengelolaan Persandian^|^00^|^^|^^|^^
^2022^|^01^|^450491^|^089^|^01^|^WA^|^3669^|^EBA^|^01^|^55^|^1^|^962^|^527^|^ A^|^Pembinaan Persandian dan Kearsipan^|^00^|^^|^^|^^
^2022^|^01^|^450491^|^089^|^01^|^WA^|^3669^|^EBA^|^01^|^55^|^1^|^994^|^002^|^AA^|^Operasional Perkantoran dan Pimpinan^|^00^|^^|^^|^^
^2022^|^01^|^450491^|^089^|^01^|^WA^|^3669^|^EBA^|^01^|^55^|^1^|^994^|^002^|^AB^|^Honor Operasional Satker dan Honor PBJ yang Tidak Dikapitalisasi^|^00^|^^|^^|^^
^2022^|^01^|^450491^|^089^|^01^|^WA^|^3669^|^EBA^|^01^|^55^|^1^|^994^|^002^|^AC^|^Pemeliharaan Sarana Kendaraan Bermotor^|^00^|^^|^^|^^
^2022^|^01^|^450491^|^089^|^01^|^WA^|^3669^|^EBA^|^01^|^55^|^1^|^994^|^002^|^AD^|^Pemeliharaan Sarana Alat Pengolah Data dan Komunikasi^|^00^|^^|^^|^^
^2022^|^01^|^450491^|^089^|^01^|^WA^|^3669^|^EBA^|^01^|^55^|^1^|^994^|^002^|^AE^|^Pemeliharaan Sarana Alat Fasilitas Perkantoran^|^00^|^^|^^|^^
^2022^|^01^|^450491^|^089^|^01^|^WA^|^3669^|^EBA^|^01^|^55^|^1^|^994^|^002^|^AF^|^Pemeliharaan Prasarana Gedung dan Bangunan Kantor^|^00^|^^|^^|^^
^2022^|^01^|^450491^|^089^|^01^|^WA^|^3669^|^EBA^|^01^|^55^|^1^|^994^|^002^|^AG^|^Jasa Keamanan, Kebersihan, Pengemudi, dan Pramubhakti ^|^00^|^^|^^|^^
^2022^|^01^|^450491^|^089^|^01^|^WA^|^3669^|^EBA^|^01^|^55^|^1^|^994^|^002^|^AH^|^Langganan Daya, Jasa, dan Sewa Operasional Lainnya^|^00^|^^|^^|^^
^2022^|^01^|^450491^|^089^|^01^|^WA^|^3669^|^EBA^|^01^|^55^|^1^|^994^|^002^|^AJ^|^Pemeliharaan Kesehatan Pegawai^|^00^|^^|^^|^^
^2022^|^01^|^450491^|^089^|^01^|^WA^|^3669^|^EBA^|^01^|^55^|^1^|^994^|^002^|^CV^|^Pencegahan dan Penanganan Pandemi COVID-19^|^00^|^^|^^|^^
^2022^|^01^|^450491^|^089^|^01^|^WA^|^3669^|^EBA^|^01^|^55^|^1^|^994^|^002^|^ZA^|^Operasional Perkantoran Pimpinan Eselon II^|^00^|^^|^^|^^
^2022^|^01^|^450491^|^089^|^01^|^CH^|^4225^|^UAG^|^01^|^55^|^1^|^U03^|^052^|^ B^|^Pelaksanaan Penugasan^|^00^|^^|^^|^^
^2022^|^01^|^450491^|^089^|^01^|^CH^|^4225^|^UAG^|^01^|^55^|^1^|^U10^|^052^|^ B^|^Pelaksanaan Penugasan^|^00^|^^|^^|^^
^2022^|^01^|^450491^|^089^|^01^|^CH^|^4219^|^UAG^|^01^|^55^|^1^|^U03^|^052^|^ A^|^Pengawasan atas Penyaluran BLT-DD dan Penggunaan Dana Desa^|^00^|^^|^^|^^
^2022^|^01^|^450491^|^089^|^01^|^CH^|^4219^|^UAG^|^01^|^55^|^1^|^U03^|^052^|^ B^|^Pengawasan atas Pelaksanaan Padat Karya Tunai di Desa^|^00^|^^|^^|^^
^2022^|^01^|^450491^|^089^|^01^|^CH^|^4219^|^UAG^|^01^|^55^|^1^|^U03^|^052^|^ C^|^Peningkatan Akuntabilitas Tata Kelola Keuangan Desa^|^00^|^^|^^|^^
^2022^|^01^|^450491^|^089^|^01^|^CH^|^4219^|^UAG^|^01^|^55^|^1^|^U03^|^052^|^ D^|^Peningkatan Kualitas Tata Kelola Aset Desa^|^00^|^^|^^|^^
^2022^|^01^|^450491^|^089^|^01^|^CH^|^4219^|^UAG^|^01^|^55^|^1^|^U03^|^052^|^ E^|^Pengawasan atas Penelolaan Keuangan Desa^|^00^|^^|^^|^^
^2022^|^01^|^450491^|^089^|^01^|^CH^|^4219^|^UAG^|^01^|^55^|^1^|^U03^|^052^|^ F^|^Kompilasi dan Analisis Ikhtisar Laporan Keuangan Desa^|^00^|^^|^^|^^
^2022^|^01^|^450491^|^089^|^01^|^WA^|^3665^|^EBA^|^01^|^55^|^1^|^957^|^411^|^ A^|^Analisis Penyusunan Produk Hukum^|^00^|^^|^^|^^
^2022^|^01^|^450491^|^089^|^01^|^WA^|^3665^|^EBA^|^01^|^55^|^1^|^957^|^411^|^ B^|^Penyusunan Program/ Rencana Kerja dan Evaluasi ^|^00^|^^|^^|^^
^2022^|^01^|^450491^|^089^|^01^|^WA^|^3665^|^EBA^|^01^|^55^|^1^|^957^|^412^|^ A^|^Dokumentasi, Pemberian Informasi, Sosialisasi, Publikasi, dan Evaluasi Peraturan Perundang-undangan^|^00^|^^|^^|^^
^2022^|^01^|^450491^|^089^|^01^|^WA^|^3665^|^EBA^|^01^|^55^|^1^|^958^|^431^|^ A^|^Pembinaan, Pelayanan, dan Pengkoordinasian, Serta Pengendalian Komunikasi Internal, Publik, dan Antarlembaga^|^00^|^^|^^|^^
^2022^|^01^|^450491^|^089^|^01^|^WA^|^3665^|^EBA^|^01^|^55^|^1^|^958^|^432^|^ A^|^Pembinaan, Pelayanan, dan Pengkoordinasian, Serta Pengendalian Informasi Publik Internal dan Eksternal^|^00^|^^|^^|^^
^2022^|^01^|^450491^|^089^|^01^|^WA^|^3665^|^EBA^|^01^|^55^|^1^|^969^|^421^|^ A^|^Penelaahan Hukum dan Pemberian Pendapat Hukum^|^00^|^^|^^|^^
^2022^|^01^|^450491^|^089^|^01^|^WA^|^3665^|^EBA^|^01^|^55^|^1^|^969^|^422^|^ A^|^Pemberian Konsultasi dan Bantuan Hukum, Serta Penyuluhan Hukum^|^00^|^^|^^|^^
^2022^|^01^|^450491^|^089^|^01^|^WA^|^3665^|^EBA^|^01^|^55^|^1^|^994^|^002^|^ZA^|^Operasional Perkantoran Pimpinan Eselon II^|^00^|^^|^^|^^
^2022^|^01^|^450491^|^089^|^01^|^WA^|^3666^|^EBA^|^01^|^55^|^1^|^963^|^241^|^ A^|^TANPA SUB KOMPONEN^|^00^|^^|^^|^^
^2022^|^01^|^450491^|^089^|^01^|^WA^|^3666^|^EBA^|^01^|^55^|^1^|^963^|^242^|^ A^|^TANPA SUB KOMPONEN^|^00^|^^|^^|^^
^2022^|^01^|^450491^|^089^|^01^|^WA^|^3666^|^EBA^|^01^|^55^|^1^|^963^|^243^|^ A^|^TANPA SUB KOMPONEN^|^00^|^^|^^|^^
^2022^|^01^|^450491^|^089^|^01^|^WA^|^3666^|^EBA^|^01^|^55^|^1^|^994^|^002^|^XA^|^Perjalanan Dinas Mutasi Pegawai^|^00^|^^|^^|^^
^2022^|^01^|^450491^|^089^|^01^|^WA^|^3666^|^EBA^|^01^|^55^|^1^|^994^|^002^|^XB^|^Seleksi JPT^|^00^|^^|^^|^^
^2022^|^01^|^450491^|^089^|^01^|^WA^|^3666^|^EBA^|^01^|^55^|^1^|^994^|^002^|^ZA^|^Operasional Perkantoran Pimpinan Eselon II^|^00^|^^|^^|^^
^2022^|^01^|^450491^|^089^|^01^|^WA^|^3667^|^EBA^|^01^|^55^|^1^|^994^|^001^|^ A^|^Pembayaran gaji dan tunjangan^|^00^|^^|^^|^^
^2022^|^01^|^450491^|^089^|^01^|^WA^|^3667^|^EBA^|^01^|^55^|^1^|^994^|^001^|^ B^|^Uang Makan^|^00^|^^|^^|^^
^2022^|^01^|^450491^|^089^|^01^|^WA^|^3667^|^EBA^|^01^|^55^|^1^|^994^|^001^|^ C^|^Tunjangan Kinerja^|^00^|^^|^^|^^
^2022^|^01^|^450491^|^089^|^01^|^WA^|^3667^|^EBA^|^01^|^55^|^1^|^994^|^001^|^DA^|^Lembur Biro MKOT ^|^00^|^^|^^|^^
^2022^|^01^|^450491^|^089^|^01^|^WA^|^3667^|^EBA^|^01^|^55^|^1^|^994^|^001^|^DB^|^Lembur Biro SDM ^|^00^|^^|^^|^^
^2022^|^01^|^450491^|^089^|^01^|^WA^|^3667^|^EBA^|^01^|^55^|^1^|^994^|^001^|^DC^|^Lembur Biro Keuangan^|^00^|^^|^^|^^
^2022^|^01^|^450491^|^089^|^01^|^WA^|^3667^|^EBA^|^01^|^55^|^1^|^994^|^001^|^DD^|^Lembur Biro Hukum  Komunikasi ^|^00^|^^|^^|^^
^2022^|^01^|^450491^|^089^|^01^|^WA^|^3667^|^EBA^|^01^|^55^|^1^|^994^|^001^|^DE^|^Lembur Biro Umum ^|^00^|^^|^^|^^
^2022^|^01^|^450491^|^089^|^01^|^WA^|^3667^|^EBA^|^01^|^55^|^1^|^994^|^001^|^DF^|^Lembur Deputi 1 ^|^00^|^^|^^|^^
^2022^|^01^|^450491^|^089^|^01^|^WA^|^3667^|^EBA^|^01^|^55^|^1^|^994^|^001^|^DG^|^Lembur Deputi 2^|^00^|^^|^^|^^
^2022^|^01^|^450491^|^089^|^01^|^WA^|^3667^|^EBA^|^01^|^55^|^1^|^994^|^001^|^DH^|^Lembur Deputi 3^|^00^|^^|^^|^^
^2022^|^01^|^450491^|^089^|^01^|^WA^|^3667^|^EBA^|^01^|^55^|^1^|^994^|^001^|^DI^|^Lembur Deputi 4^|^00^|^^|^^|^^
^2022^|^01^|^450491^|^089^|^01^|^WA^|^3667^|^EBA^|^01^|^55^|^1^|^994^|^001^|^DJ^|^Lembur Deputi 5^|^00^|^^|^^|^^
^2022^|^01^|^450491^|^089^|^01^|^WA^|^3667^|^EBA^|^01^|^55^|^1^|^994^|^002^|^XC^|^Koordinasi/Monitoring/Evaluasi Kegiatan Pengawasan dan Dukungan Pengawasan ^|^00^|^^|^^|^^
^2022^|^01^|^450491^|^089^|^01^|^WA^|^3667^|^EBA^|^01^|^55^|^1^|^994^|^002^|^ZA^|^Operasional Perkantoran Pimpinan ^|^00^|^^|^^|^^
^2022^|^01^|^450491^|^089^|^01^|^WA^|^3667^|^EBA^|^01^|^55^|^1^|^994^|^002^|^ZB^|^Pengembangan BSMART^|^00^|^^|^^|^^
^2022^|^01^|^450491^|^089^|^01^|^CH^|^4207^|^UAG^|^01^|^55^|^1^|^U03^|^051^|^ A^|^Pelaksanaan Pengawasan^|^00^|^^|^^|^^
^2022^|^01^|^450491^|^089^|^01^|^CH^|^4207^|^UAG^|^01^|^55^|^1^|^U08^|^052^|^ A^|^Persiapan Penugasan^|^00^|^^|^^|^^
^2022^|^01^|^450491^|^089^|^01^|^CH^|^4227^|^FAG^|^01^|^55^|^1^|^U07^|^051^|^ A^|^TANPA SUB KOMPONEN^|^00^|^^|^^|^^
^2022^|^01^|^450491^|^089^|^01^|^CH^|^4227^|^FAG^|^01^|^55^|^1^|^U07^|^052^|^ A^|^TANPA SUB KOMPONEN^|^00^|^^|^^|^^
^2022^|^01^|^450491^|^089^|^01^|^CH^|^4227^|^FAG^|^01^|^55^|^1^|^U07^|^053^|^ A^|^TANPA SUB KOMPONEN^|^00^|^^|^^|^^
^2022^|^01^|^450491^|^089^|^01^|^WA^|^3668^|^EBD^|^01^|^55^|^1^|^952^|^111^|^ A^|^Layanan Koordinasi Internal dan Eksternal^|^00^|^^|^^|^^
^2022^|^01^|^450491^|^089^|^01^|^WA^|^3668^|^EBD^|^01^|^55^|^1^|^952^|^111^|^ B^|^Koordinasi dan Pengembangan Indikator Kinerja Enablers Rencana Strategis BPKP Tahun 2020-2024^|^00^|^^|^^|^^
^2022^|^01^|^450491^|^089^|^01^|^WA^|^3668^|^EBD^|^01^|^55^|^1^|^952^|^111^|^ C^|^Koordinasi dan Penyusunan Rencana Kerja BPKP^|^00^|^^|^^|^^
^2022^|^01^|^450491^|^089^|^01^|^WA^|^3668^|^EBD^|^01^|^55^|^1^|^952^|^111^|^ D^|^Integrasi Data Perencanaan dan Pelaporan^|^00^|^^|^^|^^
^2022^|^01^|^450491^|^089^|^01^|^WA^|^3668^|^EBD^|^01^|^55^|^1^|^952^|^112^|^ A^|^TANPA SUB KOMPONEN^|^00^|^^|^^|^^
^2022^|^01^|^450491^|^089^|^01^|^WA^|^3668^|^EBD^|^01^|^55^|^1^|^952^|^113^|^ A^|^TANPA SUB KOMPONEN^|^00^|^^|^^|^^
^2022^|^01^|^450491^|^089^|^01^|^WA^|^3668^|^EBD^|^01^|^55^|^1^|^952^|^114^|^ A^|^TANPA SUB KOMPONEN^|^00^|^^|^^|^^
^2022^|^01^|^450491^|^089^|^01^|^WA^|^3668^|^EBD^|^01^|^55^|^1^|^952^|^115^|^ A^|^TANPA SUB KOMPONEN^|^00^|^^|^^|^^
^2022^|^01^|^450491^|^089^|^01^|^WA^|^3668^|^EBD^|^01^|^55^|^1^|^953^|^121^|^ A^|^Reviu, Evaluasi, dan Monitoring RKT^|^00^|^^|^^|^^
^2022^|^01^|^450491^|^089^|^01^|^WA^|^3668^|^EBD^|^01^|^55^|^1^|^953^|^121^|^ B^|^Monitoring Rencana Pembangunan PP 39/2006 dan Pelaporan Eksternal^|^00^|^^|^^|^^
^2022^|^01^|^450491^|^089^|^01^|^WA^|^3668^|^EBD^|^01^|^55^|^1^|^953^|^122^|^ A^|^Penyusunan Laporan Kinerja^|^00^|^^|^^|^^
^2022^|^01^|^450491^|^089^|^01^|^WA^|^3668^|^EBD^|^01^|^55^|^1^|^953^|^123^|^ A^|^Pengelolaan Data Kinerja^|^00^|^^|^^|^^
^2022^|^01^|^450491^|^089^|^01^|^WA^|^3668^|^EBD^|^01^|^55^|^1^|^961^|^141^|^ A^|^TANPA SUBKOMPONEN^|^00^|^^|^^|^^
^2022^|^01^|^450491^|^089^|^01^|^WA^|^3668^|^EBD^|^01^|^55^|^1^|^961^|^142^|^ A^|^Sosialisasi Perban Manajemen Risiko^|^00^|^^|^^|^^
^2022^|^01^|^450491^|^089^|^01^|^WA^|^3668^|^EBD^|^01^|^55^|^1^|^961^|^143^|^ A^|^TANPA SUBKOMPONEN^|^00^|^^|^^|^^
^2022^|^01^|^450491^|^089^|^01^|^WA^|^3668^|^EBD^|^01^|^55^|^1^|^961^|^144^|^ A^|^TANPA SUB KOMPONEN^|^00^|^^|^^|^^
^2022^|^01^|^450491^|^089^|^01^|^WA^|^3668^|^EBD^|^01^|^55^|^1^|^961^|^145^|^ A^|^TANPA SUB KOMPONEN^|^00^|^^|^^|^^
^2022^|^01^|^450491^|^089^|^01^|^CH^|^4220^|^FAG^|^01^|^55^|^1^|^012^|^055^|^ A^|^Persiapan Penugasan^|^00^|^^|^^|^^
^2022^|^01^|^450491^|^089^|^01^|^CH^|^4220^|^FAG^|^01^|^55^|^1^|^012^|^055^|^ C^|^Pelaporan Penugasan^|^00^|^^|^^|^^
^2022^|^01^|^450491^|^089^|^01^|^CH^|^4213^|^FAG^|^01^|^55^|^1^|^U01^|^052^|^ A^|^Pelaksanaan Pengawasan^|^00^|^^|^^|^^
^2022^|^01^|^450491^|^089^|^01^|^CH^|^4220^|^UAG^|^01^|^55^|^1^|^U03^|^052^|^ A^|^Persiapan Penugasan^|^00^|^^|^^|^^
^2022^|^01^|^450491^|^089^|^01^|^CH^|^4220^|^UAG^|^01^|^55^|^1^|^U03^|^052^|^ B^|^Pelaksanaan Penugasan^|^00^|^^|^^|^^
^2022^|^01^|^450491^|^089^|^01^|^CH^|^4220^|^UAG^|^01^|^55^|^1^|^U03^|^052^|^ C^|^Pelaporan Penugasan^|^00^|^^|^^|^^
^2022^|^01^|^450491^|^089^|^01^|^CH^|^4220^|^UAG^|^01^|^55^|^1^|^U03^|^052^|^ D^|^Penjaminan Mutu^|^00^|^^|^^|^^
^2022^|^01^|^450491^|^089^|^01^|^CH^|^4220^|^UAG^|^01^|^55^|^1^|^U03^|^052^|^ E^|^Analisis dan Evaluasi atas Hasil Pengawasan Bidang PPKD^|^00^|^^|^^|^^
^2022^|^01^|^450491^|^089^|^01^|^CH^|^4220^|^UAG^|^01^|^55^|^1^|^U03^|^052^|^ F^|^Pembinaan/Koordinasi Pengawasan/Kegiatan SPIP^|^00^|^^|^^|^^
^2022^|^01^|^450491^|^089^|^01^|^CH^|^4220^|^UAG^|^01^|^55^|^1^|^U03^|^052^|^ G^|^Pembinaan/Koordinasi Pengawasan/Kegiatan APIP^|^00^|^^|^^|^^
^2022^|^01^|^450491^|^089^|^01^|^CH^|^4220^|^UAG^|^01^|^55^|^1^|^U08^|^052^|^ A^|^Bimkon/Asistensi/Peningkatan Kapabilitas APIP pada Kemendagri/Kemendes^|^00^|^^|^^|^^
^2022^|^01^|^450491^|^089^|^01^|^CH^|^4220^|^UAG^|^01^|^55^|^1^|^U09^|^053^|^ A^|^Workshop/Diseminasi/Sosialisasi Pembinaan^|^00^|^^|^^|^^
^2022^|^01^|^450491^|^089^|^01^|^CH^|^4220^|^UAG^|^01^|^55^|^1^|^U09^|^053^|^ B^|^Penyusunan Pedoman/Juknis/Suplemen^|^00^|^^|^^|^^
^2022^|^01^|^450491^|^089^|^01^|^CH^|^4220^|^UAG^|^01^|^55^|^1^|^U09^|^053^|^ C^|^Evaluasi/Ekspos Hasil PM^|^00^|^^|^^|^^
^2022^|^01^|^450491^|^089^|^01^|^CH^|^4220^|^UAG^|^01^|^55^|^1^|^U09^|^053^|^ D^|^Monitoring dan Update Database Pembinaan^|^00^|^^|^^|^^
^2022^|^01^|^450491^|^089^|^01^|^CH^|^4209^|^UAG^|^01^|^55^|^1^|^U03^|^052^|^ B^|^Pelaksanaan Penugasan^|^00^|^^|^^|^^
^2022^|^01^|^450491^|^089^|^01^|^CH^|^4209^|^UAG^|^01^|^55^|^1^|^U08^|^052^|^ B^|^Pelaksanaan Pengawasan^|^00^|^^|^^|^^
^2022^|^01^|^450491^|^089^|^01^|^CH^|^4216^|^UAG^|^01^|^55^|^1^|^U03^|^052^|^ A^|^TANPA SUB KOMPONEN^|^00^|^^|^^|^^
^2022^|^01^|^450491^|^089^|^01^|^CH^|^4216^|^UAG^|^01^|^55^|^1^|^U08^|^052^|^ A^|^TANPA SUB KOMPONEN^|^00^|^^|^^|^^
^2022^|^01^|^450491^|^089^|^01^|^CH^|^4228^|^UAG^|^01^|^55^|^1^|^U04^|^051^|^ A^|^TANPA SUB KOMPONEN^|^00^|^^|^^|^^
^2022^|^01^|^450491^|^089^|^01^|^CH^|^4228^|^UAG^|^01^|^55^|^1^|^U04^|^052^|^ A^|^Pengawasan Pembayaran Klaim Rumah Sakit^|^00^|^^|^^|^^
^2022^|^01^|^450491^|^089^|^01^|^CH^|^4228^|^UAG^|^01^|^55^|^1^|^U04^|^052^|^ B^|^Pengawasan Risiko Kecurangan^|^00^|^^|^^|^^
^2022^|^01^|^450491^|^089^|^01^|^CH^|^4228^|^UAG^|^01^|^55^|^1^|^U04^|^052^|^ C^|^Pengawasan Non APP^|^00^|^^|^^|^^
^2022^|^01^|^450491^|^089^|^01^|^CH^|^4228^|^UAG^|^01^|^55^|^1^|^U04^|^053^|^ A^|^Pengawasan Pembayaran Klaim Rumah Sakit^|^00^|^^|^^|^^
^2022^|^01^|^450491^|^089^|^01^|^CH^|^4228^|^UAG^|^01^|^55^|^1^|^U04^|^053^|^ B^|^Pengawasan Risiko Kecurangan^|^00^|^^|^^|^^
^2022^|^01^|^450491^|^089^|^01^|^CH^|^4228^|^UAG^|^01^|^55^|^1^|^U04^|^053^|^ C^|^Pengawasan Non APP^|^00^|^^|^^|^^
^2022^|^01^|^450491^|^089^|^01^|^CH^|^4227^|^UAG^|^01^|^55^|^1^|^U04^|^051^|^ A^|^TANPA SUB KOMPONEN^|^00^|^^|^^|^^
^2022^|^01^|^450491^|^089^|^01^|^CH^|^4227^|^UAG^|^01^|^55^|^1^|^U04^|^052^|^ A^|^Pengawasan Non APP^|^00^|^^|^^|^^
^2022^|^01^|^450491^|^089^|^01^|^CH^|^4227^|^UAG^|^01^|^55^|^1^|^U04^|^052^|^ B^|^Pengawasan Insentif Tenaga Kesehatan^|^00^|^^|^^|^^
^2022^|^01^|^450491^|^089^|^01^|^CH^|^4227^|^UAG^|^01^|^55^|^1^|^U04^|^052^|^ C^|^Pengawasan Risiko Kecurangan^|^00^|^^|^^|^^
^2022^|^01^|^450491^|^089^|^01^|^CH^|^4227^|^UAG^|^01^|^55^|^1^|^U04^|^053^|^ A^|^Pengawasan Non APP^|^00^|^^|^^|^^
^2022^|^01^|^450491^|^089^|^01^|^CH^|^4227^|^UAG^|^01^|^55^|^1^|^U04^|^053^|^ B^|^Pengawasan Insentif Tenaga Kesehatan^|^00^|^^|^^|^^
^2022^|^01^|^450491^|^089^|^01^|^CH^|^4227^|^UAG^|^01^|^55^|^1^|^U04^|^053^|^ C^|^Pengawasan Risiko Kecurangan^|^00^|^^|^^|^^
^2022^|^01^|^450491^|^089^|^01^|^CH^|^4208^|^UAG^|^01^|^55^|^1^|^U03^|^052^|^ B^|^Pelaksanaan Penugasan^|^00^|^^|^^|^^
^2022^|^01^|^450491^|^089^|^01^|^CH^|^4208^|^UAG^|^01^|^55^|^1^|^U08^|^052^|^ B^|^Pelaksanaan Penugasan^|^00^|^^|^^|^^
^2022^|^01^|^450491^|^089^|^01^|^WA^|^3667^|^EBD^|^01^|^55^|^1^|^952^|^311^|^ A^|^TANPA SUB KOMPONEN^|^00^|^^|^^|^^
^2022^|^01^|^450491^|^089^|^01^|^WA^|^3667^|^EBD^|^01^|^55^|^1^|^952^|^312^|^ A^|^TANPA SUB KOMPONEN^|^00^|^^|^^|^^
^2022^|^01^|^450491^|^089^|^01^|^WA^|^3667^|^EBD^|^01^|^55^|^1^|^952^|^313^|^ A^|^TANPA SUB KOMPONEN^|^00^|^^|^^|^^
^2022^|^01^|^450491^|^089^|^01^|^WA^|^3667^|^EBD^|^01^|^55^|^1^|^955^|^321^|^ A^|^TANPA SUB KOMPONEN^|^00^|^^|^^|^^
^2022^|^01^|^450491^|^089^|^01^|^WA^|^3667^|^EBD^|^01^|^55^|^1^|^955^|^322^|^ A^|^TANPA SUB KOMPONEN^|^00^|^^|^^|^^
^2022^|^01^|^450491^|^089^|^01^|^WA^|^3667^|^EBD^|^01^|^55^|^1^|^955^|^323^|^ A^|^TANPA SUB KOMPONEN^|^00^|^^|^^|^^
^2022^|^01^|^450491^|^089^|^01^|^WA^|^3667^|^EBD^|^01^|^55^|^1^|^955^|^331^|^ A^|^TANPA SUB KOMPONEN^|^00^|^^|^^|^^
^2022^|^01^|^450491^|^089^|^01^|^WA^|^3667^|^EBD^|^01^|^55^|^1^|^955^|^332^|^ A^|^TANPA SUB KOMPONEN^|^00^|^^|^^|^^
^2022^|^01^|^450491^|^089^|^01^|^WA^|^3667^|^EBD^|^01^|^55^|^1^|^955^|^333^|^ A^|^TANPA SUB KOMPONEN^|^00^|^^|^^|^^
^2022^|^01^|^450491^|^089^|^01^|^WA^|^3667^|^EBD^|^01^|^55^|^1^|^955^|^334^|^ A^|^TANPA SUB KOMPONEN^|^00^|^^|^^|^^
^2022^|^01^|^450491^|^089^|^01^|^WA^|^3667^|^EBD^|^01^|^55^|^1^|^955^|^335^|^ A^|^TANPA SUB KOMPONEN^|^00^|^^|^^|^^
^2022^|^01^|^450491^|^089^|^01^|^WA^|^3667^|^EBD^|^01^|^55^|^1^|^955^|^341^|^ A^|^TANPA SUB KOMPONEN^|^00^|^^|^^|^^
^2022^|^01^|^450491^|^089^|^01^|^WA^|^3667^|^EBD^|^01^|^55^|^1^|^955^|^342^|^ A^|^TANPA SUB KOMPONEN^|^00^|^^|^^|^^
^2022^|^01^|^450491^|^089^|^01^|^WA^|^3667^|^EBD^|^01^|^55^|^1^|^955^|^343^|^ A^|^TANPA SUB KOMPONEN^|^00^|^^|^^|^^
^2022^|^01^|^450491^|^089^|^01^|^WA^|^3667^|^EBD^|^01^|^55^|^1^|^955^|^344^|^ A^|^TANPA SUB KOMPONEN^|^00^|^^|^^|^^
^2022^|^01^|^450491^|^089^|^01^|^WA^|^3667^|^EBD^|^01^|^55^|^1^|^955^|^345^|^ A^|^TANPA SUB KOMPONEN^|^00^|^^|^^|^^
^2022^|^01^|^450491^|^089^|^01^|^WA^|^3667^|^EBD^|^01^|^55^|^1^|^955^|^346^|^ A^|^TANPA SUB KOMPONEN^|^00^|^^|^^|^^
^2022^|^01^|^450491^|^089^|^01^|^CH^|^4207^|^FAG^|^01^|^55^|^1^|^U01^|^052^|^ A^|^Pelaksanaan Pengawasan^|^00^|^^|^^|^^
^2022^|^01^|^450491^|^089^|^01^|^CH^|^4224^|^UAG^|^01^|^55^|^1^|^U03^|^052^|^ B^|^Pelaksanaan Penugasan^|^00^|^^|^^|^^
^2022^|^01^|^450491^|^089^|^01^|^CH^|^4224^|^UAG^|^01^|^55^|^1^|^U10^|^052^|^ B^|^Pelaksanaan Penugasan^|^00^|^^|^^|^^
^2022^|^01^|^450491^|^089^|^01^|^CH^|^4216^|^FAG^|^01^|^55^|^1^|^U01^|^052^|^ A^|^TANPA SUB KOMPONEN^|^00^|^^|^^|^^
^2022^|^01^|^450491^|^089^|^01^|^CH^|^4215^|^UAG^|^01^|^55^|^1^|^U03^|^052^|^ A^|^Persiapan Penugasan^|^00^|^^|^^|^^
^2022^|^01^|^450491^|^089^|^01^|^CH^|^4215^|^UAG^|^01^|^55^|^1^|^U03^|^052^|^ B^|^Pelaksanaan Penugasan^|^00^|^^|^^|^^
^2022^|^01^|^450491^|^089^|^01^|^CH^|^4215^|^UAG^|^01^|^55^|^1^|^U03^|^052^|^ C^|^Penjaminan Mutu^|^00^|^^|^^|^^
^2022^|^01^|^450491^|^089^|^01^|^CH^|^4215^|^UAG^|^01^|^55^|^1^|^U08^|^052^|^ A^|^Persiapan Penugasan^|^00^|^^|^^|^^
^2022^|^01^|^450491^|^089^|^01^|^CH^|^4215^|^UAG^|^01^|^55^|^1^|^U08^|^052^|^ B^|^Pelaksanaan Pengawasan^|^00^|^^|^^|^^
^2022^|^01^|^450491^|^089^|^01^|^WA^|^3668^|^EBA^|^01^|^55^|^1^|^960^|^131^|^ A^|^TANPA SUB KOMPONEN^|^00^|^^|^^|^^
^2022^|^01^|^450491^|^089^|^01^|^WA^|^3668^|^EBA^|^01^|^55^|^1^|^960^|^132^|^ A^|^TANPA SUB KOMPONEN^|^00^|^^|^^|^^
^2022^|^01^|^450491^|^089^|^01^|^WA^|^3668^|^EBA^|^01^|^55^|^1^|^994^|^002^|^ZA^|^Operasional Perkantoran Pimpinan Eselon II^|^00^|^^|^^|^^
^2022^|^01^|^450491^|^089^|^01^|^CH^|^4217^|^UAG^|^01^|^55^|^1^|^U03^|^052^|^ A^|^Persiapan Penugasan^|^00^|^^|^^|^^
^2022^|^01^|^450491^|^089^|^01^|^CH^|^4217^|^UAG^|^01^|^55^|^1^|^U03^|^052^|^ B^|^Pelaksanaan Penugasan^|^00^|^^|^^|^^
^2022^|^01^|^450491^|^089^|^01^|^CH^|^4217^|^UAG^|^01^|^55^|^1^|^U03^|^052^|^ C^|^Pelaporan Penugasan^|^00^|^^|^^|^^
^2022^|^01^|^450491^|^089^|^01^|^CH^|^4217^|^UAG^|^01^|^55^|^1^|^U09^|^051^|^ A^|^Persiapan Penugasan^|^00^|^^|^^|^^
^2022^|^01^|^450491^|^089^|^01^|^CH^|^4217^|^UAG^|^01^|^55^|^1^|^U09^|^052^|^ B^|^Pelaksanaan Penugasan^|^00^|^^|^^|^^
^2022^|^01^|^450491^|^089^|^01^|^CH^|^4217^|^UAG^|^01^|^55^|^1^|^U09^|^053^|^ C^|^Pelaporan Penugasan^|^00^|^^|^^|^^
^2022^|^01^|^450491^|^089^|^01^|^CH^|^4214^|^FAG^|^01^|^55^|^1^|^U01^|^052^|^ A^|^TANPA SUB KOMPONEN^|^00^|^^|^^|^^
^2022^|^01^|^450491^|^089^|^01^|^CH^|^4208^|^FAG^|^01^|^55^|^1^|^U01^|^052^|^ B^|^Pelaksanaan Penugasan^|^00^|^^|^^|^^
^2022^|^01^|^450491^|^089^|^01^|^CH^|^4226^|^FAG^|^01^|^55^|^1^|^U07^|^051^|^ A^|^TANPA SUB KOMPONEN^|^00^|^^|^^|^^
^2022^|^01^|^450491^|^089^|^01^|^CH^|^4226^|^FAG^|^01^|^55^|^1^|^U07^|^052^|^ A^|^TANPA SUB KOMPONEN^|^00^|^^|^^|^^
^2022^|^01^|^450491^|^089^|^01^|^CH^|^4226^|^FAG^|^01^|^55^|^1^|^U07^|^053^|^ A^|^TANPA SUB KOMPONEN^|^00^|^^|^^|^^
^2022^|^01^|^450491^|^089^|^01^|^CH^|^4226^|^UAG^|^01^|^55^|^1^|^U04^|^051^|^ A^|^TANPA SUB KOMPONEN^|^00^|^^|^^|^^
^2022^|^01^|^450491^|^089^|^01^|^CH^|^4226^|^UAG^|^01^|^55^|^1^|^U04^|^052^|^ A^|^Pengawasan Non APP^|^00^|^^|^^|^^
^2022^|^01^|^450491^|^089^|^01^|^CH^|^4226^|^UAG^|^01^|^55^|^1^|^U04^|^052^|^ B^|^Pengawasan Bantuan UMKM^|^00^|^^|^^|^^
^2022^|^01^|^450491^|^089^|^01^|^CH^|^4226^|^UAG^|^01^|^55^|^1^|^U04^|^052^|^ C^|^Pengawasan Food Estate^|^00^|^^|^^|^^
^2022^|^01^|^450491^|^089^|^01^|^CH^|^4226^|^UAG^|^01^|^55^|^1^|^U04^|^052^|^ D^|^Pengawasan Diversifikasi Konsumsi dan Keamanan Pangan^|^00^|^^|^^|^^
^2022^|^01^|^450491^|^089^|^01^|^CH^|^4226^|^UAG^|^01^|^55^|^1^|^U04^|^052^|^ E^|^Pengawasan Tata Kelola Sistem Pangan^|^00^|^^|^^|^^
^2022^|^01^|^450491^|^089^|^01^|^CH^|^4226^|^UAG^|^01^|^55^|^1^|^U04^|^052^|^ F^|^Pengawasan Risiko Kecurangan^|^00^|^^|^^|^^
^2022^|^01^|^450491^|^089^|^01^|^CH^|^4226^|^UAG^|^01^|^55^|^1^|^U04^|^053^|^ A^|^Pengawasan Non APP^|^00^|^^|^^|^^
^2022^|^01^|^450491^|^089^|^01^|^CH^|^4226^|^UAG^|^01^|^55^|^1^|^U04^|^053^|^ B^|^Pengawasan Bantuan pada UMKM^|^00^|^^|^^|^^
^2022^|^01^|^450491^|^089^|^01^|^CH^|^4226^|^UAG^|^01^|^55^|^1^|^U04^|^053^|^ C^|^Pengawasan Food Estate^|^00^|^^|^^|^^
^2022^|^01^|^450491^|^089^|^01^|^CH^|^4226^|^UAG^|^01^|^55^|^1^|^U04^|^053^|^ D^|^Pengawasan Diversifikasi Konsumsi dan Keamanan PAngan^|^00^|^^|^^|^^
^2022^|^01^|^450491^|^089^|^01^|^CH^|^4226^|^UAG^|^01^|^55^|^1^|^U04^|^053^|^ E^|^Pengawasan Peningkatan Tata Kelola Sistem Pangan Nasional^|^00^|^^|^^|^^
^2022^|^01^|^450491^|^089^|^01^|^CH^|^4226^|^UAG^|^01^|^55^|^1^|^U04^|^053^|^ F^|^Pengawasan Risiko Kecurangan^|^00^|^^|^^|^^
^2022^|^01^|^450491^|^089^|^01^|^CH^|^4225^|^FAG^|^01^|^55^|^1^|^U06^|^052^|^ B^|^Pelaksanaan Penugasan^|^00^|^^|^^|^^
^2022^|^01^|^450491^|^089^|^01^|^CH^|^4212^|^UAG^|^01^|^55^|^1^|^U03^|^052^|^ A^|^APP-01 Program Vaksinasi^|^00^|^^|^^|^^
^2022^|^01^|^450491^|^089^|^01^|^CH^|^4212^|^UAG^|^01^|^55^|^1^|^U03^|^052^|^ B^|^APP-24: Food Estate^|^00^|^^|^^|^^
^2022^|^01^|^450491^|^089^|^01^|^CH^|^4212^|^UAG^|^01^|^55^|^1^|^U03^|^052^|^ C^|^APP-35: Perencanaan dan Penganggaran K/L^|^00^|^^|^^|^^
^2022^|^01^|^450491^|^089^|^01^|^CH^|^4212^|^UAG^|^01^|^55^|^1^|^U03^|^052^|^ D^|^NON APP^|^00^|^^|^^|^^
^2022^|^01^|^450491^|^089^|^01^|^CH^|^4212^|^UAG^|^01^|^55^|^1^|^U08^|^052^|^ A^|^APP-48: Maturitas SPIP Terintegrasi^|^00^|^^|^^|^^
^2022^|^01^|^450491^|^089^|^01^|^CH^|^4212^|^UAG^|^01^|^55^|^1^|^U08^|^052^|^ B^|^APP-49: Kapabilitas APIP^|^00^|^^|^^|^^
^2022^|^01^|^450491^|^089^|^01^|^CH^|^4212^|^UAG^|^01^|^55^|^1^|^U08^|^052^|^ C^|^APP-50: IEPK^|^00^|^^|^^|^^
^2022^|^01^|^450491^|^089^|^01^|^CH^|^4211^|^FAG^|^01^|^55^|^1^|^012^|^056^|^ A^|^TANPA SUB KOMPONEN^|^00^|^^|^^|^^
^2022^|^01^|^450491^|^089^|^01^|^CH^|^4211^|^FAG^|^01^|^55^|^1^|^U01^|^052^|^ B^|^Pelaksanaan Penugasan^|^00^|^^|^^|^^
^2022^|^01^|^450491^|^089^|^01^|^CH^|^4222^|^UAG^|^01^|^55^|^1^|^U03^|^052^|^ B^|^Pelaksanaan Penugasan^|^00^|^^|^^|^^
^2022^|^01^|^450491^|^089^|^01^|^CH^|^4222^|^UAG^|^01^|^55^|^1^|^U03^|^052^|^ C^|^Pelaporan Penugasan^|^00^|^^|^^|^^
^2022^|^01^|^450491^|^089^|^01^|^CH^|^4222^|^UAG^|^01^|^55^|^1^|^U08^|^052^|^ B^|^Pelaksanaan Penugasan^|^00^|^^|^^|^^
^2022^|^01^|^450491^|^089^|^01^|^CH^|^4222^|^UAG^|^01^|^55^|^1^|^U08^|^052^|^ C^|^Pelaporan Penugasan^|^00^|^^|^^|^^
^2022^|^01^|^450491^|^089^|^01^|^CH^|^4222^|^UAG^|^01^|^55^|^1^|^U10^|^052^|^ B^|^Pelaksanaan Penugasan^|^00^|^^|^^|^^
^2022^|^01^|^450491^|^089^|^01^|^CH^|^4222^|^UAG^|^01^|^55^|^1^|^U10^|^052^|^ C^|^Pelaporan Penugasan^|^00^|^^|^^|^^
^2022^|^01^|^450491^|^089^|^01^|^CH^|^4222^|^UAG^|^01^|^55^|^1^|^U10^|^052^|^ D^|^Penjaminan Mutu^|^00^|^^|^^|^^
^2022^|^01^|^450491^|^089^|^01^|^CH^|^4215^|^FAG^|^01^|^55^|^1^|^U01^|^052^|^ B^|^Pelaksanaan Pengawasan^|^00^|^^|^^|^^
^2022^|^01^|^450491^|^089^|^01^|^CH^|^4223^|^UAG^|^01^|^55^|^1^|^U03^|^052^|^ B^|^Pelaksanaan Penugasan^|^00^|^^|^^|^^
^2022^|^01^|^450491^|^089^|^01^|^CH^|^4223^|^UAG^|^01^|^55^|^1^|^U03^|^052^|^ C^|^Pelaporan Penugasan^|^00^|^^|^^|^^
^2022^|^01^|^450491^|^089^|^01^|^CH^|^4223^|^UAG^|^01^|^55^|^1^|^U10^|^052^|^ B^|^Pelaksanaan Penugasan^|^00^|^^|^^|^^
^2022^|^01^|^450491^|^089^|^01^|^WA^|^3669^|^EBB^|^01^|^55^|^1^|^951^|^052^|^ A^|^TANPA SUB KOMPONEN^|^00^|^^|^^|^^
^2022^|^01^|^450491^|^089^|^01^|^WA^|^3669^|^EBB^|^01^|^55^|^1^|^951^|^053^|^ A^|^TANPA SUB KOMPONEN^|^00^|^^|^^|^^
^2022^|^01^|^450491^|^089^|^01^|^WA^|^3669^|^EBB^|^01^|^55^|^1^|^971^|^054^|^ A^|^TANPA SUB KOMPONEN^|^00^|^^|^^|^^
^2022^|^01^|^450491^|^089^|^01^|^CH^|^4209^|^FAG^|^01^|^55^|^1^|^U01^|^052^|^ B^|^Pelaksanaan Penugasan^|^00^|^^|^^|^^
^2022^|^01^|^450491^|^089^|^01^|^CH^|^4214^|^UAG^|^01^|^55^|^1^|^U03^|^051^|^ A^|^Perencanaan dan Pelaporan Pengawasan^|^00^|^^|^^|^^
^2022^|^01^|^450491^|^089^|^01^|^CH^|^4214^|^UAG^|^01^|^55^|^1^|^U03^|^052^|^ A^|^Pengawasan terhadap penanggulangan dan penanganan COVID-19 Bidang Kesehatan^|^00^|^^|^^|^^
^2022^|^01^|^450491^|^089^|^01^|^CH^|^4214^|^UAG^|^01^|^55^|^1^|^U03^|^052^|^ B^|^Pengawasan atas Tata Kelola Bidang Perlindungan Sosial dan Penanganan Kemiskinan^|^00^|^^|^^|^^
^2022^|^01^|^450491^|^089^|^01^|^CH^|^4214^|^UAG^|^01^|^55^|^1^|^U08^|^052^|^ A^|^TANPA SUB KOMPONEN^|^00^|^^|^^|^^
^2022^|^01^|^450491^|^089^|^01^|^CH^|^5237^|^AEA^|^01^|^55^|^1^|^101^|^051^|^ A^|^TANPA SUB KOMPONEN^|^00^|^^|^^|^^
^2022^|^01^|^450491^|^089^|^01^|^CH^|^5237^|^AEA^|^01^|^55^|^1^|^102^|^051^|^ A^|^TANPA SUB KOMPONEN^|^00^|^^|^^|^^
^2022^|^01^|^450491^|^089^|^01^|^CH^|^4211^|^UAG^|^01^|^55^|^1^|^U03^|^052^|^ B^|^Pelaksanaan Penugasan^|^00^|^^|^^|^^
^2022^|^01^|^450491^|^089^|^01^|^CH^|^4211^|^UAG^|^01^|^55^|^1^|^U08^|^052^|^ B^|^Pelaksanaan Penugasan^|^00^|^^|^^|^^
^2022^|^01^|^450491^|^089^|^01^|^CH^|^4221^|^UAG^|^01^|^55^|^1^|^U03^|^052^|^ B^|^Pelaksanaan Penugasan^|^00^|^^|^^|^^
^2022^|^01^|^450491^|^089^|^01^|^CH^|^4221^|^UAG^|^01^|^55^|^1^|^U10^|^052^|^ B^|^Pelaksanaan Penugasan^|^00^|^^|^^|^^
^2022^|^01^|^450491^|^089^|^01^|^CH^|^4229^|^FAG^|^01^|^55^|^1^|^012^|^055^|^ A^|^TANPA SUB KOMPONEN^|^00^|^^|^^|^^
^2022^|^01^|^450491^|^089^|^01^|^CH^|^4229^|^FAG^|^01^|^55^|^1^|^012^|^056^|^ A^|^TANPA SUB KOMPONEN^|^00^|^^|^^|^^
^2022^|^01^|^450491^|^089^|^01^|^CH^|^4229^|^FAG^|^01^|^55^|^1^|^U07^|^051^|^ A^|^TANPA SUB KOMPONEN^|^00^|^^|^^|^^
^2022^|^01^|^450491^|^089^|^01^|^CH^|^4229^|^FAG^|^01^|^55^|^1^|^U07^|^052^|^ A^|^TANPA SUB KOMPONEN^|^00^|^^|^^|^^
^2022^|^01^|^450491^|^089^|^01^|^CH^|^4229^|^FAG^|^01^|^55^|^1^|^U07^|^053^|^ A^|^Penyusunan Laporan^|^00^|^^|^^|^^
^2022^|^01^|^450491^|^089^|^01^|^WA^|^3666^|^EBC^|^01^|^55^|^1^|^954^|^211^|^ A^|^TANPA SUB KOMPONEN^|^00^|^^|^^|^^
^2022^|^01^|^450491^|^089^|^01^|^WA^|^3666^|^EBC^|^01^|^55^|^1^|^954^|^212^|^ A^|^TANPA SUB KOMPONEN^|^00^|^^|^^|^^
^2022^|^01^|^450491^|^089^|^01^|^WA^|^3666^|^EBC^|^01^|^55^|^1^|^954^|^213^|^ A^|^TANPA SUB KOMPONEN^|^00^|^^|^^|^^
^2022^|^01^|^450491^|^089^|^01^|^WA^|^3666^|^EBC^|^01^|^55^|^1^|^954^|^214^|^ A^|^TANPA SUB KOMPONEN^|^00^|^^|^^|^^
^2022^|^01^|^450491^|^089^|^01^|^WA^|^3666^|^EBC^|^01^|^55^|^1^|^954^|^221^|^ A^|^TANPA SUB KOMPONEN^|^00^|^^|^^|^^
^2022^|^01^|^450491^|^089^|^01^|^WA^|^3666^|^EBC^|^01^|^55^|^1^|^954^|^222^|^ A^|^TANPA SUB KOMPONEN^|^00^|^^|^^|^^
^2022^|^01^|^450491^|^089^|^01^|^WA^|^3666^|^EBC^|^01^|^55^|^1^|^954^|^223^|^ A^|^TANPA SUB KOMPONEN^|^00^|^^|^^|^^
^2022^|^01^|^450491^|^089^|^01^|^WA^|^3666^|^EBC^|^01^|^55^|^1^|^954^|^231^|^ A^|^TANPA SUB KOMPONEN^|^00^|^^|^^|^^
^2022^|^01^|^450491^|^089^|^01^|^WA^|^3666^|^EBC^|^01^|^55^|^1^|^954^|^232^|^ A^|^TANPA SUB KOMPONEN^|^00^|^^|^^|^^
^2022^|^01^|^450491^|^089^|^01^|^WA^|^3666^|^EBC^|^01^|^55^|^1^|^954^|^233^|^ A^|^TANPA SUB KOMPONEN^|^00^|^^|^^|^^
^2022^|^01^|^450491^|^089^|^01^|^WA^|^3666^|^EBC^|^01^|^55^|^1^|^954^|^234^|^ A^|^Pelayanan Umum ASN^|^00^|^^|^^|^^
^2022^|^01^|^450491^|^089^|^01^|^WA^|^3666^|^EBC^|^01^|^55^|^1^|^954^|^234^|^ B^|^Layanan Kepegawaian ^|^00^|^^|^^|^^
^2022^|^01^|^450491^|^089^|^01^|^WA^|^3666^|^EBC^|^01^|^55^|^1^|^954^|^KP1^|^ A^|^TANPA SUB KOMPONEN^|^00^|^^|^^|^^
^2022^|^01^|^450491^|^089^|^01^|^CH^|^4219^|^FAG^|^01^|^55^|^1^|^005^|^051^|^ A^|^Pengawasan atas Kegiatan Prioritas K/L^|^00^|^^|^^|^^
^2022^|^01^|^450491^|^089^|^01^|^CH^|^4219^|^FAG^|^01^|^55^|^1^|^005^|^051^|^ B^|^Pengawasan atas Kinerja Pembangunan Desa^|^00^|^^|^^|^^
^2022^|^01^|^450491^|^089^|^01^|^CH^|^4223^|^FAG^|^01^|^55^|^1^|^012^|^056^|^ A^|^Hasil Analisis, Evaluasi, Pelaporan Pengawasan, dan Tindak Lanjut^|^00^|^^|^^|^^
^2022^|^01^|^450491^|^089^|^01^|^CH^|^4213^|^UAG^|^01^|^55^|^1^|^U03^|^052^|^ A^|^APP-35: Perencanaan dan Penganggaran K/L^|^00^|^^|^^|^^
^2022^|^01^|^450491^|^089^|^01^|^CH^|^4213^|^UAG^|^01^|^55^|^1^|^U03^|^052^|^ B^|^NON APP^|^00^|^^|^^|^^
^2022^|^01^|^450491^|^089^|^01^|^CH^|^4213^|^UAG^|^01^|^55^|^1^|^U08^|^052^|^ A^|^APP-48: Maturitas SPIP Terintegrasi^|^00^|^^|^^|^^
^2022^|^01^|^450491^|^089^|^01^|^CH^|^4213^|^UAG^|^01^|^55^|^1^|^U08^|^052^|^ B^|^APP-49: Kapabilitas APIP^|^00^|^^|^^|^^
^2022^|^01^|^450491^|^089^|^01^|^CH^|^4213^|^UAG^|^01^|^55^|^1^|^U08^|^052^|^ C^|^APP-50: IEPK^|^00^|^^|^^|^^
^2022^|^01^|^450491^|^089^|^01^|^CH^|^4218^|^FAG^|^01^|^55^|^1^|^U02^|^051^|^ A^|^Penyusunan Pedoman^|^00^|^^|^^|^^
^2022^|^01^|^450491^|^089^|^01^|^CH^|^4218^|^FAG^|^01^|^55^|^1^|^U02^|^052^|^ B^|^Pelaksanaan Penugasan^|^00^|^^|^^|^^
^2022^|^01^|^450491^|^089^|^01^|^CH^|^4218^|^FAG^|^01^|^55^|^1^|^U02^|^052^|^ D^|^Penjaminan Mutu^|^00^|^^|^^|^^
^2022^|^01^|^450491^|^089^|^01^|^CH^|^4218^|^FAG^|^01^|^55^|^1^|^U02^|^053^|^ B^|^Analisis dan Penyusunan Laporan Hasil Pengawasan^|^00^|^^|^^|^^
^2022^|^01^|^450491^|^089^|^01^|^CH^|^4218^|^UAG^|^01^|^55^|^1^|^U03^|^052^|^ A^|^Penyusunan Pedoman^|^00^|^^|^^|^^
^2022^|^01^|^450491^|^089^|^01^|^CH^|^4218^|^UAG^|^01^|^55^|^1^|^U03^|^052^|^ B^|^Pelaksanaan Penugasan^|^00^|^^|^^|^^
^2022^|^01^|^450491^|^089^|^01^|^CH^|^4218^|^UAG^|^01^|^55^|^1^|^U03^|^052^|^ C^|^Analisis dan Penyusunan Laporan Hasil Pengawasan^|^00^|^^|^^|^^
^2022^|^01^|^450491^|^089^|^01^|^CH^|^4218^|^UAG^|^01^|^55^|^1^|^U03^|^052^|^ D^|^Penjamin Mutu^|^00^|^^|^^|^^
^2022^|^01^|^450491^|^089^|^01^|^CH^|^4218^|^UAG^|^01^|^55^|^1^|^U09^|^051^|^ A^|^Penyusunan Pedoman^|^00^|^^|^^|^^
^2022^|^01^|^450491^|^089^|^01^|^CH^|^4218^|^UAG^|^01^|^55^|^1^|^U09^|^053^|^ B^|^Analisis dan Penyusunan Laporan Hasil Pengawasan^|^00^|^^|^^|^^
^2022^|^01^|^450491^|^089^|^01^|^CH^|^4217^|^FAG^|^01^|^55^|^1^|^U01^|^051^|^ B^|^Pelaksanaan Penugasan^|^00^|^^|^^|^^
^2022^|^01^|^450491^|^089^|^01^|^CH^|^4217^|^FAG^|^01^|^55^|^1^|^U02^|^051^|^ A^|^Persiapan penugasan^|^00^|^^|^^|^^
^2022^|^01^|^450491^|^089^|^01^|^CH^|^4217^|^FAG^|^01^|^55^|^1^|^U02^|^052^|^ B^|^Pelaksanaan Pengawasan^|^00^|^^|^^|^^
^2022^|^01^|^450491^|^089^|^01^|^CH^|^4217^|^FAG^|^01^|^55^|^1^|^U02^|^053^|^ C^|^Pelaporan Penugasan^|^00^|^^|^^|^^
^2022^|^01^|^450491^|^089^|^01^|^CH^|^5237^|^FAG^|^01^|^55^|^1^|^002^|^211^|^ A^|^TANPA SUB KOMPONEN^|^00^|^^|^^|^^
^2022^|^01^|^450491^|^089^|^01^|^CH^|^5237^|^FAG^|^01^|^55^|^1^|^004^|^411^|^ A^|^TANPA SUB KOMPONEN^|^00^|^^|^^|^^
^2022^|^01^|^450491^|^089^|^01^|^CH^|^5237^|^FAG^|^01^|^55^|^1^|^004^|^412^|^ A^|^TANPA SUB KOMPONEN^|^00^|^^|^^|^^
^2022^|^01^|^450491^|^089^|^01^|^CH^|^5237^|^FAG^|^01^|^55^|^1^|^004^|^413^|^ A^|^TANPA SUB KOMPONEN^|^00^|^^|^^|^^
^2022^|^01^|^450491^|^089^|^01^|^CH^|^4212^|^FAG^|^01^|^55^|^1^|^012^|^055^|^ A^|^TANPA SUB KOMPONEN^|^00^|^^|^^|^^
^2022^|^01^|^450491^|^089^|^01^|^CH^|^4212^|^FAG^|^01^|^55^|^1^|^012^|^056^|^ A^|^TANPA SUB KOMPONEN^|^00^|^^|^^|^^
^2022^|^01^|^450491^|^089^|^01^|^CH^|^4212^|^FAG^|^01^|^55^|^1^|^U01^|^052^|^ A^|^Persiapan Penugasan^|^00^|^^|^^|^^
^2022^|^01^|^450491^|^089^|^01^|^CH^|^4212^|^FAG^|^01^|^55^|^1^|^U01^|^052^|^ B^|^Pelaksanaan Penugasan^|^00^|^^|^^|^^
^2022^|^01^|^450491^|^089^|^01^|^CH^|^4228^|^FAG^|^01^|^55^|^1^|^U07^|^051^|^ A^|^TANPA SUB KOMPONEN^|^00^|^^|^^|^^
^2022^|^01^|^450491^|^089^|^01^|^CH^|^4228^|^FAG^|^01^|^55^|^1^|^U07^|^052^|^ A^|^TANPA SUB KOMPONEN^|^00^|^^|^^|^^
^2022^|^01^|^450491^|^089^|^01^|^CH^|^4228^|^FAG^|^01^|^55^|^1^|^U07^|^053^|^ A^|^TANPA SUB KOMPONEN^|^00^|^^|^^|^^
^2022^|^01^|^450491^|^089^|^01^|^CH^|^4210^|^FAG^|^01^|^55^|^1^|^U01^|^052^|^ B^|^Pelaksanaan Penugasan^|^00^|^^|^^|^^
^2022^|^01^|^450491^|^089^|^01^|^WA^|^3669^|^TBB^|^01^|^55^|^1^|^955^|^055^|^ A^|^TANPA SUB KOMPONEN^|^00^|^^|^^|^^
^2022^|^01^|^450491^|^089^|^01^|^CH^|^4229^|^UAG^|^01^|^55^|^1^|^U04^|^052^|^ A^|^Pengawasan Program Keluarga Harapan (PKH)^|^00^|^^|^^|^^
^2022^|^01^|^450491^|^089^|^01^|^CH^|^4229^|^UAG^|^01^|^55^|^1^|^U04^|^052^|^ B^|^Pengawasan Kartu Sembako^|^00^|^^|^^|^^
^2022^|^01^|^450491^|^089^|^01^|^CH^|^4229^|^UAG^|^01^|^55^|^1^|^U04^|^052^|^ C^|^Pengawasan Tata Kelola Data Terpadu Penerima Manfaat Bantuan Pemerintah^|^00^|^^|^^|^^
^2022^|^01^|^450491^|^089^|^01^|^CH^|^4229^|^UAG^|^01^|^55^|^1^|^U04^|^052^|^ D^|^Pengawasan Non APP^|^00^|^^|^^|^^
^2022^|^01^|^450491^|^089^|^01^|^CH^|^5237^|^CAN^|^01^|^55^|^1^|^331^|^005^|^ A^|^TANPA SUB KOMPONEN^|^00^|^^|^^|^^
